sample_index,true_label,true_class,predicted_label,predicted_class,correct,prob_EUS,prob_gill,prob_healthy,prob_red_spot,confidence
0,0,EUS,0,EUS,True,0.9954775933005681,0.00010333255324498377,0.00012973978567038595,0.004289334360516399,0.9954775933005681
1,0,EUS,0,EUS,True,0.943514124199607,0.001673207591599959,0.013334982867184585,0.04147768534160822,0.943514124199607
2,0,EUS,0,EUS,True,0.9897727125497466,0.0006113050932598501,0.0006929664787198942,0.008923015878273547,0.9897727125497466
3,0,EUS,0,EUS,True,0.9711629160009635,0.0002423774800027005,0.020138791298762747,0.008455915220270954,0.9711629160009635
4,0,EUS,3,red_spot,False,0.09214513986587428,0.0031156619425053793,0.0019795797591826755,0.9027596184324376,0.9027596184324376
5,0,EUS,3,red_spot,False,0.44032265332202436,0.002114883366257495,7.435384046855051e-05,0.5574881094712498,0.5574881094712498
6,0,EUS,0,EUS,True,0.9326775649205648,0.013073031328677282,0.04855511287230855,0.0056942908784495035,0.9326775649205648
7,0,EUS,0,EUS,True,0.9758227720723658,0.0018484141888428893,0.0047004381001261,0.01762837563866524,0.9758227720723658
8,0,EUS,0,EUS,True,0.9752351718818967,0.006963370498100777,2.3105679853950568e-05,0.017778351940148363,0.9752351718818967
9,0,EUS,0,EUS,True,0.9736964076755851,4.4871672229069296e-05,0.001284558468769733,0.024974162183416113,0.9736964076755851
10,0,EUS,0,EUS,True,0.8862805845565938,0.0030229044242503413,0.01756870278555743,0.09312780823359866,0.8862805845565938
11,0,EUS,0,EUS,True,0.9836152482432156,0.001749619045570366,0.0029429312459863465,0.011692201465227462,0.9836152482432156
12,0,EUS,0,EUS,True,0.9848307737016944,0.0001605665446604952,0.0001169573379588258,0.014891702415686244,0.9848307737016944
13,0,EUS,0,EUS,True,0.989167983026785,0.00020751482439818959,0.0009479274290342293,0.009676574719782604,0.989167983026785
14,0,EUS,0,EUS,True,0.7842216199406985,0.017484148136385203,0.0010177977895642224,0.19727643413335233,0.7842216199406985
15,0,EUS,0,EUS,True,0.983964240905125,0.0029644935336637437,0.002195697787413626,0.010875567773797421,0.983964240905125
16,0,EUS,0,EUS,True,0.9925395944361153,0.00016706918365005596,0.000404769515999609,0.00688856686423505,0.9925395944361153
17,0,EUS,0,EUS,True,0.9966153771239488,8.484078299231163e-05,8.15697365512593e-06,0.00329162511940365,0.9966153771239488
18,0,EUS,0,EUS,True,0.9996675143188559,2.5002222895716013e-05,6.767471163644653e-06,0.00030071598708459446,0.9996675143188559
19,0,EUS,0,EUS,True,0.954186080923465,3.239653897849382e-05,0.03804715463339279,0.007734367904163751,0.954186080923465
20,0,EUS,0,EUS,True,0.9741991190938196,0.0005962517758505904,0.01611638363731997,0.009088245493009989,0.9741991190938196
21,0,EUS,0,EUS,True,0.9916585693653877,8.061716978509621e-05,3.082403458539169e-05,0.008229989430241749,0.9916585693653877
22,0,EUS,0,EUS,True,0.9618444148477597,0.0003868360636826868,0.03669352793605179,0.001075221152505769,0.9618444148477597
23,0,EUS,0,EUS,True,0.9994599349249109,5.99382835748399e-06,4.286591568390262e-06,0.0005297846551632451,0.9994599349249109
24,0,EUS,0,EUS,True,0.997581047181511,2.6844597793014602e-05,6.210135888039959e-06,0.0023858980848079515,0.997581047181511
25,0,EUS,0,EUS,True,0.9802058994352287,0.0005419790280269884,0.00030845506176035065,0.018943666474983772,0.9802058994352287
26,0,EUS,0,EUS,True,0.9752453742418439,0.015415964573735117,0.0007471729564467789,0.008591488227974108,0.9752453742418439
27,0,EUS,0,EUS,True,0.9580401870441553,0.0005836037200221658,0.002767577696326031,0.03860863153949634,0.9580401870441553
28,0,EUS,0,EUS,True,0.9865310140770299,0.002278204153049472,0.0027777371652202127,0.008413044604700635,0.9865310140770299
29,0,EUS,0,EUS,True,0.994980684762319,4.25688047045477e-05,5.877659670035642e-05,0.004917969836275973,0.994980684762319
30,0,EUS,0,EUS,True,0.9941579091739362,2.318963564525666e-05,4.691144461848453e-05,0.005771989745800044,0.9941579091739362
31,0,EUS,0,EUS,True,0.9995497362882025,2.3276238093479057e-07,1.5898889510528965e-07,0.00044987196052152236,0.9995497362882025
32,0,EUS,0,EUS,True,0.9931632078666928,2.9078613492657896e-06,0.0009265704195126308,0.005907313852445362,0.9931632078666928
33,0,EUS,0,EUS,True,0.9922945687396909,0.0032329526939258706,3.822386312087779e-05,0.004434254703262287,0.9922945687396909
34,0,EUS,0,EUS,True,0.9790887703024341,0.003653848359624822,0.002965153803291648,0.014292227534649406,0.9790887703024341
35,0,EUS,0,EUS,True,0.9210530129433065,0.061837118034970086,0.0009025797854876984,0.016207289236235614,0.9210530129433065
36,0,EUS,0,EUS,True,0.9863930473208098,0.0035913047282504712,0.0001406232309017344,0.009875024720037892,0.9863930473208098
37,0,EUS,0,EUS,True,0.9843939664859086,8.246002760906944e-05,0.00011178879225000916,0.01541178469423212,0.9843939664859086
38,0,EUS,0,EUS,True,0.9932882954146731,0.00040976640947466624,0.0002144763665042597,0.00608746180934816,0.9932882954146731
39,0,EUS,0,EUS,True,0.9387545598397874,0.008877130434838834,0.016935085521705185,0.035433224203668304,0.9387545598397874
40,0,EUS,0,EUS,True,0.9848565317651021,5.6895647830390464e-05,0.0019182096201859396,0.01316836296688164,0.9848565317651021
41,0,EUS,0,EUS,True,0.9987290745487479,0.00030127927699263895,6.221075492154202e-05,0.0009074354193379813,0.9987290745487479
42,0,EUS,0,EUS,True,0.9947134957233063,0.00022378266710679158,0.0012212815734495314,0.003841440036137483,0.9947134957233063
43,0,EUS,0,EUS,True,0.9695210979999782,0.0017264034632555084,0.0020936922418475657,0.026658806294918732,0.9695210979999782
44,0,EUS,0,EUS,True,0.8926965037946766,0.00043534971541384505,0.09963002623133924,0.00723812025857033,0.8926965037946766
45,0,EUS,0,EUS,True,0.5608091435701604,0.00040331569765603435,0.00010336376424826772,0.438684176967935,0.5608091435701604
46,0,EUS,0,EUS,True,0.9972494220062069,9.382186629335097e-06,0.0011868729840287201,0.0015543228231350965,0.9972494220062069
47,0,EUS,0,EUS,True,0.9958043353417642,7.655323382583205e-05,0.0004171320300805529,0.0037019793943293424,0.9958043353417642
48,0,EUS,0,EUS,True,0.9853956593259705,0.001375327220170461,0.0023943693511225277,0.010834644102736265,0.9853956593259705
49,0,EUS,0,EUS,True,0.9997034358655955,2.543239329006035e-05,2.492214079537627e-06,0.00026863952703477854,0.9997034358655955
50,0,EUS,0,EUS,True,0.7995190351187956,6.538551469955718e-05,6.311048463403765e-05,0.20035246888187078,0.7995190351187956
51,0,EUS,0,EUS,True,0.9865451455546838,0.0005216004301590538,0.0024834026187489726,0.010449851396408154,0.9865451455546838
52,0,EUS,0,EUS,True,0.9950899966089749,0.00013735266697753932,0.001783786992909944,0.0029888637311374106,0.9950899966089749
53,0,EUS,0,EUS,True,0.988200862129324,0.002107956114482741,0.0007182643744431325,0.008972917381749957,0.988200862129324
54,0,EUS,0,EUS,True,0.9735502458831183,0.0005484971628080547,0.011441687803176505,0.0144595691508971,0.9735502458831183
55,0,EUS,0,EUS,True,0.9833250089478002,6.104207986483969e-05,0.0023859598201292757,0.014227989152205743,0.9833250089478002
56,0,EUS,0,EUS,True,0.9936875934298594,0.0006014951166125194,8.394357792270404e-05,0.005626967875605447,0.9936875934298594
57,0,EUS,0,EUS,True,0.984707184519194,0.0001172937966641674,0.00010744155393140678,0.015068080130210477,0.984707184519194
58,0,EUS,0,EUS,True,0.9931260635062604,0.00014110572741704827,0.00015635773005859356,0.0065764730362637995,0.9931260635062604
59,0,EUS,0,EUS,True,0.9850951285032413,0.0006307348217096403,0.0023530297191791697,0.011921106955869879,0.9850951285032413
60,0,EUS,0,EUS,True,0.8010067121566894,0.00016522752158825896,0.19714917351722164,0.0016788868045006066,0.8010067121566894
61,0,EUS,0,EUS,True,0.9919393620871015,0.0005007299741014775,0.0013860676324873632,0.006173840306309493,0.9919393620871015
62,0,EUS,0,EUS,True,0.9853864705050241,7.144427820535054e-05,0.00010245617441227024,0.014439629042358388,0.9853864705050241
63,0,EUS,0,EUS,True,0.9848991908070771,0.0021813151483025387,0.0009823638004225856,0.01193713024419758,0.9848991908070771
64,0,EUS,0,EUS,True,0.9737510202809473,0.0059442167859576405,0.0009013454779634662,0.01940341745513152,0.9737510202809473
65,0,EUS,0,EUS,True,0.9968694112979114,4.890410309977612e-05,0.00011656598140652501,0.0029651186175821114,0.9968694112979114
66,0,EUS,0,EUS,True,0.9835717372322115,4.617777234635767e-05,0.0009103527156046203,0.015471732279837488,0.9835717372322115
67,0,EUS,0,EUS,True,0.9965170311136441,6.838445984678977e-05,0.0005033883362346432,0.0029111960902745053,0.9965170311136441
68,0,EUS,0,EUS,True,0.9880142227287615,0.0036463357158572304,0.0014663878234902595,0.006873053731891198,0.9880142227287615
69,0,EUS,0,EUS,True,0.9980577266685828,1.2563638344795683e-05,0.00037850604109066404,0.00155120365198162,0.9980577266685828
70,0,EUS,0,EUS,True,0.9983287406654571,9.969197248437292e-06,6.409411804717997e-05,0.0015971960192472986,0.9983287406654571
71,0,EUS,0,EUS,True,0.988229805219464,0.00032554219319368117,0.0017598711639248833,0.009684781423417655,0.988229805219464
72,0,EUS,0,EUS,True,0.9845609136102936,0.001112179834053742,0.0016933552889274743,0.012633551266725175,0.9845609136102936
73,0,EUS,0,EUS,True,0.9963991906990223,0.0002510369976923781,1.2632709715931563e-05,0.003337139593569284,0.9963991906990223
74,0,EUS,0,EUS,True,0.9974323164320837,0.0001091461968536298,1.7299029731049913e-05,0.002441238341331836,0.9974323164320837
75,0,EUS,1,gill,False,0.06121912560769888,0.9292604884469403,0.0011218407066596946,0.008398545238701078,0.9292604884469403
76,0,EUS,0,EUS,True,0.9998270749953798,9.663228451586636e-05,6.20216212066279e-05,1.4271098897525976e-05,0.9998270749953798
77,0,EUS,0,EUS,True,0.9989803488805314,9.986141303210835e-05,3.3164733043160615e-06,0.0009164732331319894,0.9989803488805314
78,0,EUS,0,EUS,True,0.9903973161059852,0.00036629850461119076,0.0009416969051035312,0.008294688484299971,0.9903973161059852
79,0,EUS,0,EUS,True,0.9816695208904821,0.0001963459946387803,0.0001842743381069976,0.017949858776772243,0.9816695208904821
80,0,EUS,0,EUS,True,0.982212243533008,0.0008391306686303801,0.0011550619098730213,0.015793563888488665,0.982212243533008
81,0,EUS,0,EUS,True,0.9991683988576139,5.22869062982592e-06,0.0004690557408274451,0.00035731671092877363,0.9991683988576139
82,0,EUS,0,EUS,True,0.9499783742474401,0.0024327610583650236,0.003904951264210349,0.0436839134299843,0.9499783742474401
83,0,EUS,0,EUS,True,0.9749023065142314,0.00025320139062208843,0.0017975260406514618,0.02304696605449504,0.9749023065142314
84,0,EUS,0,EUS,True,0.9791098968065438,0.0006835711227021415,0.007101138410308661,0.013105393660445221,0.9791098968065438
85,0,EUS,0,EUS,True,0.9367286335014672,0.010799708158767341,0.008320995000543119,0.04415066333922209,0.9367286335014672
86,0,EUS,0,EUS,True,0.9867330191661711,0.0043806081659051,2.71326331149779e-05,0.00885924003480858,0.9867330191661711
87,0,EUS,0,EUS,True,0.9833300456205678,0.001178582022478252,0.0001069318429357028,0.015384440514018136,0.9833300456205678
88,0,EUS,0,EUS,True,0.9994780935494264,6.393217250026999e-06,1.381135496475569e-07,0.0005153751197738191,0.9994780935494264
89,0,EUS,0,EUS,True,0.9949916928345068,0.0002165538171838045,0.00026410325668709884,0.004527650091622263,0.9949916928345068
90,0,EUS,0,EUS,True,0.9735958088615053,0.0006755432419588208,0.000290643511308353,0.02543800438522768,0.9735958088615053
91,0,EUS,0,EUS,True,0.9756199087623865,0.022408923536545867,5.836673078116762e-05,0.001912800970286448,0.9756199087623865
92,0,EUS,0,EUS,True,0.9889785924660167,4.074786788555571e-05,5.775036809649733e-05,0.010922909298001224,0.9889785924660167
93,0,EUS,0,EUS,True,0.9987223165586565,5.244809854497773e-06,0.0008321236323672089,0.00044031499912188454,0.9987223165586565
94,0,EUS,0,EUS,True,0.999018359160041,6.78137333259981e-05,0.0005729054180838894,0.0003409216885492597,0.999018359160041
95,0,EUS,0,EUS,True,0.9691704290062717,0.022571036121643018,0.0001826510560288007,0.008075883816056607,0.9691704290062717
96,0,EUS,0,EUS,True,0.9755028478697263,0.0003940505034686246,0.004314184390158056,0.019788917236647184,0.9755028478697263
97,0,EUS,0,EUS,True,0.9844904172205134,0.00033128942398853793,0.002478072239641344,0.012700221115856725,0.9844904172205134
98,0,EUS,0,EUS,True,0.9993770474661309,1.62296221342269e-05,0.00011318174587507107,0.0004935411658597757,0.9993770474661309
99,0,EUS,0,EUS,True,0.9846856587667542,5.901988415923608e-05,0.002661193829037004,0.012594127520049885,0.9846856587667542
100,0,EUS,0,EUS,True,0.9976752001609699,0.00013316291938501623,0.0001299866313056417,0.0020616502883394018,0.9976752001609699
101,0,EUS,0,EUS,True,0.4043400938541938,1.3247265375152707e-05,0.5934843143404653,0.0021623445399655706,0.5934843143404653
102,0,EUS,3,red_spot,False,0.3880108231392634,0.05442724516402974,6.270111180427035e-05,0.5574992305849025,0.5574992305849025
103,0,EUS,0,EUS,True,0.9641676159912126,0.0018567917994947133,0.014189106692376849,0.01978648551691587,0.9641676159912126
104,0,EUS,3,red_spot,False,0.013494740527786438,0.0021488662106213825,0.0004620296702895283,0.9838943635913027,0.9838943635913027
105,0,EUS,0,EUS,True,0.6979284352412958,0.0011612347256177147,0.14320924332021878,0.1577010867128679,0.6979284352412958
106,0,EUS,0,EUS,True,0.7783663638120903,0.09116984875100957,0.0031339029255683373,0.12732988451133195,0.7783663638120903
107,0,EUS,0,EUS,True,0.993955533955018,0.00029926443469951514,4.175772643725382e-05,0.005703443883845183,0.993955533955018
108,0,EUS,0,EUS,True,0.9903590613237692,0.0002816908194764126,0.0002749060980015881,0.009084341758753074,0.9903590613237692
109,0,EUS,0,EUS,True,0.9941217489535369,8.121558125271096e-05,2.421691028500831e-05,0.005772818554925347,0.9941217489535369
110,0,EUS,0,EUS,True,0.9970580697005295,0.0001627203514868375,0.00048477913727385864,0.002294430810709775,0.9970580697005295
111,0,EUS,0,EUS,True,0.9579706996598616,0.00021694629297266176,0.005242754477266185,0.036569599569899434,0.9579706996598616
112,0,EUS,0,EUS,True,0.9978767237939473,0.0009957264269728323,9.219435181057322e-05,0.0010353554272692646,0.9978767237939473
113,0,EUS,0,EUS,True,0.6755038523531802,2.2830845419992276e-05,2.1299894677826813e-05,0.3244520169067219,0.6755038523531802
114,0,EUS,0,EUS,True,0.9712169811238084,0.0009823077527881462,0.0004450109362484383,0.027355700187155038,0.9712169811238084
115,0,EUS,0,EUS,True,0.9971417595324177,1.1286323664750056e-05,7.739931395594319e-06,0.0028392142125220495,0.9971417595324177
116,0,EUS,0,EUS,True,0.9606953021131975,6.319814645587014e-05,0.0029603606540374748,0.03628113908630938,0.9606953021131975
117,0,EUS,0,EUS,True,0.9837156814971711,0.0007043740556562836,0.00017954200729100773,0.015400402439881434,0.9837156814971711
118,0,EUS,0,EUS,True,0.9951931148168808,1.2775878945652252e-05,1.257317395084964e-05,0.004781536130222671,0.9951931148168808
119,0,EUS,0,EUS,True,0.9347226826850006,0.00023070168083908632,0.00020087907694470668,0.06484573655721555,0.9347226826850006
120,0,EUS,0,EUS,True,0.9998193225376519,1.5258703104624725e-06,8.273470507244065e-08,0.00017906885733254887,0.9998193225376519
121,0,EUS,0,EUS,True,0.9926406069533074,0.0003958383878609034,7.072574428146861e-05,0.0068928289145501875,0.9926406069533074
122,0,EUS,0,EUS,True,0.9192994877242345,0.004560546253349973,0.018871277058184498,0.057268688964230756,0.9192994877242345
123,0,EUS,0,EUS,True,0.9892268452242092,0.0001702968354985461,0.0014496033222563258,0.009153254618035412,0.9892268452242092
124,0,EUS,0,EUS,True,0.931725025107995,0.01595802360267549,0.0020252223086124825,0.050291728980716946,0.931725025107995
125,0,EUS,0,EUS,True,0.994445382032508,0.00021138305293117143,0.0003226158651902022,0.005020619049370409,0.994445382032508
126,0,EUS,0,EUS,True,0.9579492708637353,0.0011639758622778414,0.01517863658005925,0.025708116693927762,0.9579492708637353
127,0,EUS,2,healthy,False,0.12073307072946514,7.325719951489288e-05,0.8790002352727377,0.00019343679828211287,0.8790002352727377
128,0,EUS,0,EUS,True,0.9819025848026338,0.00015212884565020846,0.0012709348141007504,0.016674351537615126,0.9819025848026338
129,0,EUS,0,EUS,True,0.9287350531424313,0.015309787622183131,0.014394601666475344,0.04156055756891008,0.9287350531424313
130,0,EUS,0,EUS,True,0.9931369477979015,0.00018239077350746188,0.00040229762203250626,0.006278363806558835,0.9931369477979015
131,0,EUS,0,EUS,True,0.8218322435825176,0.00012296678124338437,0.13955546831747995,0.038489321318759075,0.8218322435825176
132,0,EUS,0,EUS,True,0.9998825633701834,6.0829092060213e-06,1.1386421117907332e-06,0.00011021507849885631,0.9998825633701834
133,0,EUS,0,EUS,True,0.9895915646847088,0.0003290819091473375,0.0016416618254558287,0.00843769158068812,0.9895915646847088
134,0,EUS,0,EUS,True,0.9976260441644003,0.0001629788238136777,0.00011459832253115465,0.0020963786892548146,0.9976260441644003
135,0,EUS,0,EUS,True,0.9994432678758491,4.3426934886821116e-05,9.143686515260727e-05,0.0004218683241115666,0.9994432678758491
136,0,EUS,0,EUS,True,0.9837341280008902,0.0007642836618338526,0.00018145857321428,0.015320129764061618,0.9837341280008902
137,0,EUS,0,EUS,True,0.9401915340962033,0.0008165387436667034,0.003037600744921536,0.055954326415208595,0.9401915340962033
138,0,EUS,0,EUS,True,0.9628215075765311,0.001562956490762967,0.021383425880696458,0.01423211005200948,0.9628215075765311
139,0,EUS,0,EUS,True,0.9916675998249429,0.00044077344060047997,0.00027745281448871483,0.0076141739199680316,0.9916675998249429
140,0,EUS,0,EUS,True,0.9839827616909029,0.0003476695236474948,0.00039392402225919197,0.015275644763190542,0.9839827616909029
141,0,EUS,0,EUS,True,0.9926091112271177,0.0005316722901326918,0.0004013025728105879,0.0064579139099391145,0.9926091112271177
142,0,EUS,0,EUS,True,0.983916310059605,0.0004732735862600237,0.0002802985697607651,0.015330117784374351,0.983916310059605
143,0,EUS,0,EUS,True,0.9952347999729466,0.00012445092977773656,3.420445729532711e-05,0.004606544639980335,0.9952347999729466
144,0,EUS,0,EUS,True,0.9981855239855564,0.0001200464268478304,7.215018335041658e-06,0.001687214569260885,0.9981855239855564
145,0,EUS,0,EUS,True,0.9844310080137011,0.0006503217323909856,0.00017583299492570989,0.014742837258982311,0.9844310080137011
146,0,EUS,0,EUS,True,0.9916826905625533,0.000654503249786183,0.0010495503443671006,0.006613255843293274,0.9916826905625533
147,0,EUS,0,EUS,True,0.9932658962555464,5.068835294777051e-05,3.476578186394352e-05,0.006648649609641995,0.9932658962555464
148,0,EUS,0,EUS,True,0.9997894907667407,2.3706020265740373e-05,1.919196056542147e-05,0.00016761125242824003,0.9997894907667407
149,0,EUS,0,EUS,True,0.9994628128137557,6.810001690510748e-05,3.1654377313275735e-05,0.00043743279202592805,0.9994628128137557
150,0,EUS,0,EUS,True,0.9949149774444044,8.679752108255039e-06,1.5961679506269515e-05,0.0050603811239811,0.9949149774444044
151,0,EUS,0,EUS,True,0.9595957170395081,0.00026240570656639557,0.0021605620410639305,0.03798131521286192,0.9595957170395081
152,0,EUS,0,EUS,True,0.9487723964783928,2.6366344518265036e-05,0.00012136092209246532,0.0510798762549964,0.9487723964783928
153,0,EUS,0,EUS,True,0.9903648081030003,6.990002911422986e-05,4.720850912780116e-05,0.009518083358757702,0.9903648081030003
154,0,EUS,0,EUS,True,0.9906705270979672,0.00022976391766847483,9.115540856336852e-05,0.009008553575800935,0.9906705270979672
155,0,EUS,0,EUS,True,0.9999264852804738,4.4584758603464024e-06,4.1011800026457664e-07,6.864612566544529e-05,0.9999264852804738
156,0,EUS,0,EUS,True,0.9499783742474401,0.0024327610583650236,0.003904951264210349,0.0436839134299843,0.9499783742474401
157,0,EUS,0,EUS,True,0.9964385408923133,0.0001035169514352542,0.0003644599120983456,0.003093482244153028,0.9964385408923133
158,0,EUS,0,EUS,True,0.9987700291628849,3.077881329585866e-05,4.639882647636929e-05,0.0011527931973425525,0.9987700291628849
159,0,EUS,0,EUS,True,0.6293900851041856,0.0022631069179568407,0.04437388779180875,0.3239729201860488,0.6293900851041856
160,0,EUS,0,EUS,True,0.90765550477132,0.002725117211265826,3.338636079045702e-05,0.08958599165662381,0.90765550477132
161,0,EUS,0,EUS,True,0.98970465308413,0.00248075269590289,0.00010397954031652683,0.007710614679650666,0.98970465308413
162,0,EUS,0,EUS,True,0.9991431799554324,4.1245917453722133e-05,0.0004690749840052388,0.00034649914310861,0.9991431799554324
163,0,EUS,0,EUS,True,0.9429479768914364,0.0006503881346831627,0.0005099688801392637,0.055891666093741334,0.9429479768914364
164,0,EUS,0,EUS,True,0.9060876171930453,0.0006549291427863443,0.07019316329644698,0.0230642903677215,0.9060876171930453
165,0,EUS,0,EUS,True,0.9999859482108305,9.04845586828718e-06,1.3910406590275223e-06,3.6122926422550678e-06,0.9999859482108305
166,0,EUS,0,EUS,True,0.9745010096388769,0.00025742248061579807,0.0050794875790954866,0.02016208030141166,0.9745010096388769
167,0,EUS,0,EUS,True,0.9956408464634553,2.368578093447002e-05,2.017667599390002e-05,0.004315291079616418,0.9956408464634553
168,0,EUS,0,EUS,True,0.9814954579718576,0.012189105723085906,0.003632269182011823,0.0026831671230449048,0.9814954579718576
169,0,EUS,0,EUS,True,0.9985497856693712,6.947320489690419e-06,1.4083526013965927e-06,0.0014418586575376624,0.9985497856693712
170,0,EUS,0,EUS,True,0.7621810402453412,0.0002606024100968882,0.21096599863034637,0.02659235871421545,0.7621810402453412
171,0,EUS,0,EUS,True,0.9786998816315352,0.0009784690821596905,0.020072951504445463,0.0002486977818596894,0.9786998816315352
172,0,EUS,0,EUS,True,0.9932049753933581,0.0002609909208000398,0.0017309517022521426,0.004803081983589899,0.9932049753933581
173,0,EUS,0,EUS,True,0.9216211470333172,0.0011735454678406178,0.025539730829650508,0.05166557666919154,0.9216211470333172
174,0,EUS,0,EUS,True,0.9767054277864566,0.00018194019921989686,0.00024074179254097747,0.022871890221782473,0.9767054277864566
175,0,EUS,0,EUS,True,0.9979354754979104,0.0004662294585804065,0.0001214590025409859,0.0014768360409680484,0.9979354754979104
176,0,EUS,0,EUS,True,0.9980110854786658,3.6356795855301795e-05,4.887281643847892e-05,0.0019036849090406235,0.9980110854786658
177,0,EUS,0,EUS,True,0.9492908405604508,6.855676767720838e-05,0.048574336900003755,0.0020662657718685446,0.9492908405604508
178,0,EUS,3,red_spot,False,0.2235349501686181,0.0011388863056374387,0.0013905519930488166,0.773935611532696,0.773935611532696
179,0,EUS,0,EUS,True,0.9599176499076127,0.001916178309988437,0.0003730404187953859,0.037793131363603495,0.9599176499076127
180,0,EUS,0,EUS,True,0.6165080873692692,8.157467334919064e-05,0.0002900874829736162,0.3831202504744077,0.6165080873692692
181,0,EUS,3,red_spot,False,0.024281097374208752,0.00013472639436497885,0.00012906253028434355,0.975455113701142,0.975455113701142
182,0,EUS,0,EUS,True,0.9986680548814074,3.1641977425805045e-05,1.4526109245527744e-05,0.0012857770319212637,0.9986680548814074
183,0,EUS,0,EUS,True,0.9835654738465267,0.0005495689323593092,0.002856841437970554,0.013028115783143567,0.9835654738465267
184,0,EUS,0,EUS,True,0.9569315657114336,8.788369509239312e-05,0.004017250475506411,0.038963300117967774,0.9569315657114336
185,0,EUS,0,EUS,True,0.9836152482432156,0.001749619045570366,0.0029429312459863465,0.011692201465227462,0.9836152482432156
186,0,EUS,0,EUS,True,0.9430090451960568,0.0015299700758250464,0.004457762317532544,0.05100322241058574,0.9430090451960568
187,0,EUS,0,EUS,True,0.9978303562698266,1.912742681943255e-05,0.0005177950199743857,0.0016327212833795633,0.9978303562698266
188,0,EUS,0,EUS,True,0.9873906783231747,0.0002122162850715695,7.02609099781785e-05,0.012326844481775361,0.9873906783231747
189,0,EUS,0,EUS,True,0.9950504076351424,0.0002461023353312041,0.00013670303061135184,0.004566786998915062,0.9950504076351424
190,0,EUS,0,EUS,True,0.9712169811238084,0.0009823077527881462,0.0004450109362484383,0.027355700187155038,0.9712169811238084
191,0,EUS,0,EUS,True,0.9550283677501851,0.0001526893142385689,2.354451845516177e-05,0.04479539841712133,0.9550283677501851
192,0,EUS,0,EUS,True,0.693336811317972,0.11132875339663797,0.004004076536927166,0.19133035874846316,0.693336811317972
193,0,EUS,0,EUS,True,0.9705516536588231,0.00017321389726424462,0.0024075775014251346,0.026867554942487364,0.9705516536588231
194,0,EUS,0,EUS,True,0.9995779001635308,3.6227371850455615e-07,1.4530829349163616e-07,0.0004215922544572048,0.9995779001635308
195,0,EUS,0,EUS,True,0.9883057615297379,0.0005580369649434035,0.004129624094017548,0.007006577411301238,0.9883057615297379
196,0,EUS,0,EUS,True,0.9949097049233228,0.00016756386213817302,0.0028692557650140432,0.0020534754495250295,0.9949097049233228
197,0,EUS,0,EUS,True,0.9843391391602645,0.00016647805576470377,7.626747365605728e-05,0.015418115310314789,0.9843391391602645
198,0,EUS,0,EUS,True,0.9924114009387037,0.001444704673597601,3.885343138225616e-06,0.006140009044560214,0.9924114009387037
199,0,EUS,0,EUS,True,0.9394397884163341,0.005288201611766198,0.0011209006818518187,0.0541511092900478,0.9394397884163341
200,0,EUS,0,EUS,True,0.9922297094767453,0.00019210083941727298,0.004210023647222868,0.003368166036614647,0.9922297094767453
201,0,EUS,0,EUS,True,0.9998850087729754,2.99560870053229e-05,1.882183737948771e-06,8.3152956281469e-05,0.9998850087729754
202,0,EUS,0,EUS,True,0.9725947088137609,0.000308695933788252,0.004174268036076199,0.02292232721637476,0.9725947088137609
203,0,EUS,0,EUS,True,0.9950817675717899,0.00031772089729465504,5.856233484273339e-05,0.004541949196072803,0.9950817675717899
204,0,EUS,0,EUS,True,0.9670282684987934,0.0016465282228017375,0.006026663382985187,0.025298539895419744,0.9670282684987934
205,0,EUS,0,EUS,True,0.8816572021321941,0.03231222019988269,0.003994681610551405,0.082035896057372,0.8816572021321941
206,0,EUS,0,EUS,True,0.9811262713391525,0.0013298286174199627,0.013140823619329868,0.004403076424097488,0.9811262713391525
207,0,EUS,0,EUS,True,0.7465685071527218,0.0002292913665561063,0.00027458427175627896,0.25292761720896584,0.7465685071527218
208,0,EUS,0,EUS,True,0.9973347091639009,9.56188079885161e-05,6.02105007892494e-05,0.002509461527321616,0.9973347091639009
209,0,EUS,0,EUS,True,0.9820882141521526,0.0018515620357352246,0.00012058565085305331,0.015939638161258915,0.9820882141521526
210,0,EUS,0,EUS,True,0.9325875375148746,0.020520448867302643,0.011479795415476808,0.03541221820234615,0.9325875375148746
211,0,EUS,0,EUS,True,0.9962604918325114,1.0218774152259642e-05,0.0009883025407216996,0.002740986852614638,0.9962604918325114
212,0,EUS,0,EUS,True,0.9937345439496986,4.914079592909853e-05,3.633736778925053e-05,0.006179977886583033,0.9937345439496986
213,0,EUS,0,EUS,True,0.9825406015205358,0.0010377249625770795,0.001582484097940036,0.014839189418947402,0.9825406015205358
214,0,EUS,0,EUS,True,0.9479886725388174,0.000439869977481493,0.0004493359089348702,0.051122121574766054,0.9479886725388174
215,0,EUS,0,EUS,True,0.9939032458286424,0.0006348519983541495,0.001135429547963108,0.004326472625040498,0.9939032458286424
216,0,EUS,0,EUS,True,0.9923500416093978,0.002065620238281678,4.1207983637398814e-05,0.005543130168683207,0.9923500416093978
217,0,EUS,0,EUS,True,0.9919393620871015,0.0005007299741014775,0.0013860676324873632,0.006173840306309493,0.9919393620871015
218,0,EUS,0,EUS,True,0.9960355288382168,5.9020387628776805e-06,1.4873664912641891e-05,0.003943695458107812,0.9960355288382168
219,0,EUS,0,EUS,True,0.795834513154173,0.047746774014523534,0.032591637434959415,0.1238270753963441,0.795834513154173
220,0,EUS,0,EUS,True,0.9990944743530947,4.4287762271537725e-05,7.858247068182458e-05,0.0007826554139519926,0.9990944743530947
221,0,EUS,0,EUS,True,0.9386623927114255,0.002185221159655995,0.016751313611940287,0.042401072516978326,0.9386623927114255
222,0,EUS,0,EUS,True,0.9985903614563651,3.0714638982521494e-05,0.00025824176470444043,0.0011206821399478714,0.9985903614563651
223,0,EUS,0,EUS,True,0.9992902875145967,9.655524891614039e-07,3.6428210916748674e-07,0.0007083826508048806,0.9992902875145967
224,0,EUS,0,EUS,True,0.9945428302217267,0.00040048681924640506,0.00019506890715380835,0.004861614051873161,0.9945428302217267
225,0,EUS,0,EUS,True,0.9944436252270044,0.0006592193609929077,0.0001122373401484273,0.004784918071854209,0.9944436252270044
226,0,EUS,0,EUS,True,0.9951088774352979,9.754792620154476e-05,0.0006288992687908468,0.004164675369709723,0.9951088774352979
227,0,EUS,0,EUS,True,0.9393039029731488,9.960183293693807e-05,0.0008900236025722091,0.059706471591342056,0.9393039029731488
228,0,EUS,0,EUS,True,0.9827135951794905,0.0021385627490555217,2.789538852970988e-05,0.01511994668292412,0.9827135951794905
229,0,EUS,0,EUS,True,0.9979827043580152,2.639585349828995e-05,9.842836841547233e-06,0.00198105695164502,0.9979827043580152
230,0,EUS,0,EUS,True,0.9624666769929272,0.0018150744676212866,0.010056229931437833,0.025662018608013395,0.9624666769929272
231,0,EUS,0,EUS,True,0.8917909946270723,0.002816087091084126,0.001340313786183822,0.10405260449565978,0.8917909946270723
232,0,EUS,0,EUS,True,0.9969449814192806,0.0001245807821930057,0.0016639590383236717,0.0012664787602028136,0.9969449814192806
233,0,EUS,0,EUS,True,0.9658666547203694,3.417230461556712e-05,0.00435902656055618,0.029740146414459018,0.9658666547203694
234,0,EUS,0,EUS,True,0.998874342085636,7.967841686993266e-06,6.873364067551642e-06,0.0011108167086090568,0.998874342085636
235,0,EUS,0,EUS,True,0.9828623187955455,0.0018531776976326401,0.0011493126939383339,0.014135190812883591,0.9828623187955455
236,0,EUS,0,EUS,True,0.9965065334548577,0.00013330353072297371,0.000721192209420992,0.002638970804998311,0.9965065334548577
237,0,EUS,0,EUS,True,0.9902339551958034,0.001307506544908717,0.0013212663250577342,0.007137271934230243,0.9902339551958034
238,0,EUS,0,EUS,True,0.992741542213918,5.8867476125988026e-05,0.00072784629184648,0.006471744018109537,0.992741542213918
239,0,EUS,0,EUS,True,0.9898597628202674,0.0003707528267073723,0.0007692042340444231,0.00900028011898072,0.9898597628202674
240,0,EUS,0,EUS,True,0.890864358450442,0.013047029920826783,0.01047719998315466,0.0856114116455762,0.890864358450442
241,0,EUS,0,EUS,True,0.9987700291628849,3.077881329585866e-05,4.639882647636929e-05,0.0011527931973425525,0.9987700291628849
242,0,EUS,0,EUS,True,0.9822190099757999,0.00024940583865747904,0.00011800011031658637,0.017413584075225894,0.9822190099757999
243,0,EUS,0,EUS,True,0.9841512729584885,0.0003134478889514226,0.00011855078377751526,0.015416728368782436,0.9841512729584885
244,0,EUS,0,EUS,True,0.9966284637759486,2.1686756852932495e-05,3.411342847893291e-05,0.003315736038719669,0.9966284637759486
245,0,EUS,0,EUS,True,0.9906619516972943,4.163874443051902e-05,0.007915107742263406,0.0013813018160118188,0.9906619516972943
246,0,EUS,0,EUS,True,0.9984291713023278,2.4097205823973462e-05,6.594565744978077e-06,0.0015401369261031324,0.9984291713023278
247,0,EUS,0,EUS,True,0.9905253028447832,0.0021638301968951845,0.0034464943192773485,0.003864372639044218,0.9905253028447832
248,0,EUS,0,EUS,True,0.9974313883311252,2.834879002948927e-05,6.76255566224697e-05,0.0024726373222230275,0.9974313883311252
249,0,EUS,0,EUS,True,0.9978692845189865,0.00025871391729882575,0.00023502364266068444,0.0016369779210539126,0.9978692845189865
250,0,EUS,0,EUS,True,0.9913214231596464,9.346952583008956e-05,0.0024095801943075927,0.006175527120215968,0.9913214231596464
251,0,EUS,0,EUS,True,0.995981076281461,4.025433619145024e-05,9.567234331165217e-06,0.003969102148016434,0.995981076281461
252,0,EUS,0,EUS,True,0.9814954579718576,0.012189105723085906,0.003632269182011823,0.0026831671230449048,0.9814954579718576
253,0,EUS,0,EUS,True,0.9876560604145989,0.00028650084573460135,0.003379278086794319,0.008678160652872254,0.9876560604145989
254,0,EUS,0,EUS,True,0.9883039410633645,0.00010807551099046309,0.005669921113546125,0.005918062312098911,0.9883039410633645
255,0,EUS,0,EUS,True,0.9932058567203497,0.00010300756308798634,4.3022052848476655e-05,0.006648113663713849,0.9932058567203497
256,0,EUS,0,EUS,True,0.9931826715824076,0.0024431916385302794,0.0001668209942005913,0.004207315784861431,0.9931826715824076
257,0,EUS,0,EUS,True,0.9774104855005502,0.002039026507011821,0.0013468406393573214,0.019203647353080347,0.9774104855005502
258,0,EUS,0,EUS,True,0.9992959402598564,1.8682147451470913e-05,0.00015611127846407296,0.0005292663142280087,0.9992959402598564
259,0,EUS,0,EUS,True,0.9972770812194861,0.00032367842052914817,0.0007448791993880356,0.0016543611605966742,0.9972770812194861
260,0,EUS,0,EUS,True,0.9442700328533333,0.0007730224466161171,0.024504187068714895,0.0304527576313357,0.9442700328533333
261,0,EUS,3,red_spot,False,0.0783238605805872,0.0004904074942295978,0.00021846595795663921,0.9209672659672263,0.9209672659672263
262,0,EUS,0,EUS,True,0.588871153788841,0.00027195470205554025,3.084839055621328e-05,0.41082604311854737,0.588871153788841
263,0,EUS,3,red_spot,False,0.05972348083975926,0.0004730960633367086,1.6612047802108635e-05,0.9397868110491021,0.9397868110491021
264,0,EUS,0,EUS,True,0.7336264960264345,8.648520530780627e-05,0.00022753428995111463,0.2660594844783068,0.7336264960264345
265,0,EUS,0,EUS,True,0.993614418362164,0.0001900798859785946,0.00011027850148107181,0.006085223250376272,0.993614418362164
266,0,EUS,0,EUS,True,0.9839501631038758,0.0013349361211142884,0.003688844609684445,0.011026056165325598,0.9839501631038758
267,0,EUS,0,EUS,True,0.9786658869090165,0.0002770310373581267,0.01779563761788598,0.003261444435739348,0.9786658869090165
268,0,EUS,0,EUS,True,0.9925981455958003,0.003338847979738388,0.0004898397112741134,0.003573166713187248,0.9925981455958003
269,0,EUS,0,EUS,True,0.9802964059608129,0.0003386385392783223,0.00019840034979655923,0.01916655515011234,0.9802964059608129
270,0,EUS,0,EUS,True,0.9795724060806141,0.0017069436938290865,0.005296517461780561,0.013424132763776441,0.9795724060806141
271,0,EUS,0,EUS,True,0.9235359054611479,0.015141077191592878,0.0018740810720043962,0.059448936275254625,0.9235359054611479
272,0,EUS,0,EUS,True,0.9778430630209033,0.00033761082709812677,0.0020070817680937765,0.01981224438390488,0.9778430630209033
273,0,EUS,0,EUS,True,0.9941742294310549,9.253390240824717e-05,1.442416350864201e-05,0.005718812503028085,0.9941742294310549
274,0,EUS,0,EUS,True,0.9995078604606151,0.000335939439668416,6.371372895409398e-05,9.24863707626628e-05,0.9995078604606151
275,0,EUS,0,EUS,True,0.9687603415563876,0.0001981399072657519,0.0015003369383052051,0.029541181598041324,0.9687603415563876
276,0,EUS,0,EUS,True,0.8564422551655183,3.352409071289145e-05,0.13815076100254595,0.005373459741223193,0.8564422551655183
277,0,EUS,0,EUS,True,0.999447728657069,1.9429088125287657e-07,3.2414797445215377e-06,0.0005488355723051838,0.999447728657069
278,0,EUS,0,EUS,True,0.9942972291696849,2.838435271706278e-05,5.600437095822425e-05,0.005618382106639864,0.9942972291696849
279,0,EUS,0,EUS,True,0.9995998283419013,3.992988728338357e-05,7.637296963903726e-05,0.00028386880117613693,0.9995998283419013
280,0,EUS,0,EUS,True,0.9954597687641882,2.3057189051126905e-05,4.664522312801433e-05,0.0044705288236327415,0.9954597687641882
281,0,EUS,0,EUS,True,0.997076120933874,0.00013220939843125969,8.478419575540187e-05,0.0027068854719393422,0.997076120933874
282,0,EUS,0,EUS,True,0.9971493412199619,5.62415039368081e-06,4.406508689615038e-06,0.0028406281209548715,0.9971493412199619
283,0,EUS,0,EUS,True,0.9925995298556719,0.0005835974909803753,8.525736159562547e-05,0.006731615291752058,0.9925995298556719
284,0,EUS,0,EUS,True,0.9963314522472837,0.0018546535556384423,6.677810973742228e-05,0.0017471160873405987,0.9963314522472837
285,0,EUS,0,EUS,True,0.9782588395502346,0.005179564866570911,2.315507904461391e-05,0.01653844050414989,0.9782588395502346
286,0,EUS,0,EUS,True,0.9992993210739293,5.168949862933492e-06,5.0304038985338185e-06,0.000690479572309345,0.9992993210739293
287,0,EUS,0,EUS,True,0.9988405222459675,7.68668275054409e-05,0.00014331743158276655,0.0009392934949441184,0.9988405222459675
288,0,EUS,0,EUS,True,0.9356834804213999,0.0014194808410444458,0.04083927554040507,0.022057763197150398,0.9356834804213999
289,0,EUS,0,EUS,True,0.996763141358967,0.00028492217310896304,6.500717532720392e-06,0.002945435750391399,0.996763141358967
290,0,EUS,0,EUS,True,0.9939662008970221,0.00016357912868526236,6.98675908134033e-05,0.005800352383479141,0.9939662008970221
291,0,EUS,0,EUS,True,0.6167751996061914,0.0004915037553511856,0.38113352241890885,0.0015997742195487464,0.6167751996061914
292,0,EUS,0,EUS,True,0.9738471679180826,0.020638942636470512,0.0008725016509705871,0.004641387794476315,0.9738471679180826
293,0,EUS,0,EUS,True,0.985100180725817,0.0006091082835760216,0.00222367688580638,0.012067034104800615,0.985100180725817
294,0,EUS,0,EUS,True,0.9809641302454717,0.0023631042778557844,0.003299235986842052,0.013373529489830616,0.9809641302454717
295,0,EUS,0,EUS,True,0.9905760927159036,0.0001707707139469168,5.4018068469325516e-05,0.009199118501680224,0.9905760927159036
296,0,EUS,0,EUS,True,0.9392871445945127,0.049076414981590176,0.00022630880511066741,0.011410131618786528,0.9392871445945127
297,0,EUS,0,EUS,True,0.9967420749167732,1.902170811221756e-05,3.7396111054223644e-05,0.0032015072640602907,0.9967420749167732
298,0,EUS,0,EUS,True,0.9990239690890892,0.00027933988266717885,1.4797629912156088e-05,0.0006818933983313085,0.9990239690890892
299,0,EUS,0,EUS,True,0.9986895431351097,3.427390109521415e-06,3.0696273888698444e-06,0.0013039598473920237,0.9986895431351097
300,0,EUS,0,EUS,True,0.8644255467712577,0.0026429775372981312,0.030453363102702698,0.10247811258874145,0.8644255467712577
301,0,EUS,0,EUS,True,0.9962526685157759,1.2606554809064909e-05,0.003429719298033212,0.0003050056313820237,0.9962526685157759
302,0,EUS,0,EUS,True,0.9652855959042232,0.004083437087550909,0.006150873562143243,0.024480093446082634,0.9652855959042232
303,0,EUS,0,EUS,True,0.9946811212649593,4.246502283493207e-05,0.0004941939158429775,0.004782219796362743,0.9946811212649593
304,0,EUS,0,EUS,True,0.9837663397621573,0.00010840823548358525,0.0034691849028323975,0.012656067099526613,0.9837663397621573
305,0,EUS,0,EUS,True,0.9841076138870729,0.005049480859475103,0.010490369188312134,0.00035253606513976503,0.9841076138870729
306,0,EUS,0,EUS,True,0.9858003498720891,0.0001574937311196754,0.008922848309963927,0.005119308086827242,0.9858003498720891
307,0,EUS,0,EUS,True,0.9957959954376867,1.343804783030394e-05,0.0004926949784856696,0.0036978715359972814,0.9957959954376867
308,0,EUS,0,EUS,True,0.9971057752031199,0.00010816658119306242,1.0794149555427037e-05,0.0027752640661316687,0.9971057752031199
309,0,EUS,0,EUS,True,0.9996020205056582,9.290523810264358e-06,3.3477052563475268e-06,0.0003853412652751042,0.9996020205056582
310,0,EUS,0,EUS,True,0.998908092516595,2.5663751757279743e-05,0.00020503862435531324,0.0008612051072925242,0.998908092516595
311,0,EUS,0,EUS,True,0.9930466572095541,0.0015407310299308961,0.0006481538672958421,0.004764457893219098,0.9930466572095541
312,0,EUS,0,EUS,True,0.9994899200345355,2.0925322960954323e-05,5.4290793929718e-07,0.0004886117345643992,0.9994899200345355
313,0,EUS,0,EUS,True,0.9778589941126079,0.0011577806319678517,0.003722477112553556,0.017260748142871044,0.9778589941126079
314,0,EUS,0,EUS,True,0.7807695794068541,0.00030909669464767204,7.7476297712327e-05,0.2188438476007859,0.7807695794068541
315,0,EUS,0,EUS,True,0.9809091122048901,0.0005109946068889949,0.016826061101996217,0.0017538320862247932,0.9809091122048901
316,0,EUS,0,EUS,True,0.9562877014745059,0.0030119744032138813,0.0150753520230121,0.025624972099268135,0.9562877014745059
317,0,EUS,0,EUS,True,0.9933758469475709,0.00012364342194276512,0.003023333668608686,0.003477175961877772,0.9933758469475709
318,0,EUS,0,EUS,True,0.9099052863432766,0.002714167663065348,0.00042414413093093314,0.08695640186272706,0.9099052863432766
319,0,EUS,0,EUS,True,0.9297955083302158,0.00037365464731838256,0.06628415815399079,0.0035466788684749,0.9297955083302158
320,0,EUS,0,EUS,True,0.994571074889687,0.00010940156565202872,0.00022113635098803812,0.005098387193672945,0.994571074889687
321,0,EUS,0,EUS,True,0.9863178273450761,0.00033707280688100933,0.00010798844969449227,0.013237111398348555,0.9863178273450761
322,0,EUS,0,EUS,True,0.9950089343628845,0.00013893197536836853,0.0002171998361684326,0.004634933825578633,0.9950089343628845
323,0,EUS,0,EUS,True,0.9996452668719149,1.1307678786615814e-07,1.1858068812091688e-07,0.0003545014706090672,0.9996452668719149
324,0,EUS,0,EUS,True,0.9992387070442736,2.7146723532256376e-05,0.00026110270117746096,0.0004730435310166202,0.9992387070442736
325,0,EUS,0,EUS,True,0.9842244973709031,0.00013229618168960692,0.00024722940976548447,0.015395977037641662,0.9842244973709031
326,0,EUS,0,EUS,True,0.9846360726104255,8.982254078999397e-05,0.00010965658239676716,0.015164448266387714,0.9846360726104255
327,0,EUS,0,EUS,True,0.9844152442349736,8.2141565411715e-05,0.00011189850319301577,0.015390715696421751,0.9844152442349736
328,0,EUS,0,EUS,True,0.9963432671217932,0.0003222916060020146,0.0005046511616280286,0.0028297901105767665,0.9963432671217932
329,0,EUS,0,EUS,True,0.9979282162302172,0.0019635248237860736,1.0920505910478837e-06,0.00010716689540562308,0.9979282162302172
330,0,EUS,0,EUS,True,0.9960613591562026,0.0001333308829649331,0.00045598570183460715,0.0033493242589976995,0.9960613591562026
331,0,EUS,0,EUS,True,0.9970891203351012,0.00017084575983698582,1.375397365791744e-05,0.002726279931403653,0.9970891203351012
332,0,EUS,0,EUS,True,0.9923032814024965,0.00024291996288704884,0.0013074294384919777,0.006146369196124201,0.9923032814024965
333,0,EUS,0,EUS,True,0.996680694391596,0.00018847308439810445,8.531051453725922e-05,0.003045522009468698,0.996680694391596
334,0,EUS,3,red_spot,False,0.0726510590771603,0.00024567144538312414,0.0006239539271342348,0.926479315550322,0.926479315550322
335,0,EUS,0,EUS,True,0.9974531955542448,2.5899161020096014e-05,6.659473873701399e-05,0.002454310545998141,0.9974531955542448
336,0,EUS,0,EUS,True,0.9985846358613177,8.483225446455302e-05,0.0004706193464954513,0.0008599125377221742,0.9985846358613177
337,0,EUS,0,EUS,True,0.9988416207046055,7.78785623523621e-06,8.17877378460074e-07,0.0011497735617807517,0.9988416207046055
338,0,EUS,0,EUS,True,0.9949793077484765,0.001999290675490393,0.00024018728811988317,0.002781214287913359,0.9949793077484765
339,0,EUS,0,EUS,True,0.9970512816449314,0.00017668866112611098,0.0004787817019499915,0.0022932479919926564,0.9970512816449314
340,0,EUS,0,EUS,True,0.99390691432383,0.0001296644222818291,2.4638201386508876e-05,0.005938783052501489,0.99390691432383
341,0,EUS,0,EUS,True,0.9850270149346195,0.001041749477134774,0.0016210158082315697,0.012310219780014444,0.9850270149346195
342,0,EUS,0,EUS,True,0.9843712359108152,0.00011433019432416692,0.00011787273849093338,0.015396561156369597,0.9843712359108152
343,0,EUS,0,EUS,True,0.9991724483393284,0.0004222003460340008,0.00010210762211995869,0.00030324369251742434,0.9991724483393284
344,0,EUS,0,EUS,True,0.9895830273677673,0.001262556953258978,0.0019513390899688987,0.0072030765890049725,0.9895830273677673
345,0,EUS,0,EUS,True,0.9833636890585321,0.0011287271833326335,9.168349431566002e-05,0.015415900263819775,0.9833636890585321
346,0,EUS,0,EUS,True,0.9940092739860367,1.3381616432321248e-05,1.7626316504252515e-05,0.005959718081026709,0.9940092739860367
347,0,EUS,0,EUS,True,0.9970907237677112,0.0011161374886392093,0.00021284972039918015,0.001580289023250294,0.9970907237677112
348,0,EUS,0,EUS,True,0.4891748422023105,0.00016761095289925695,0.000315639190872838,0.5103419076539171,0.5103419076539171
349,0,EUS,0,EUS,True,0.9900925619971158,0.0021762997032642797,7.482281100775886e-05,0.007656315488612218,0.9900925619971158
350,0,EUS,0,EUS,True,0.9962869604411807,0.0003997526730671529,0.0002742195003499036,0.0030390673854020236,0.9962869604411807
351,0,EUS,0,EUS,True,0.9837403393651359,0.002230826226914059,0.0028721766326270846,0.011156657775323067,0.9837403393651359
352,0,EUS,0,EUS,True,0.9967888021470278,0.0002998767877389991,0.0004901504708231229,0.0024211705944098792,0.9967888021470278
353,0,EUS,0,EUS,True,0.9972515805449035,0.00038444202090058164,0.0002703437343881837,0.0020936336998077076,0.9972515805449035
354,0,EUS,0,EUS,True,0.9817641080868433,0.0018434515470246615,0.0016447533696983304,0.014747686996433312,0.9817641080868433
355,0,EUS,0,EUS,True,0.9907790211616057,0.0007581629011833753,0.0006947701698378901,0.007768045767373246,0.9907790211616057
356,0,EUS,0,EUS,True,0.9993731008282358,4.3513060568558525e-05,6.840270321080066e-06,0.0005765458408744749,0.9993731008282358
357,0,EUS,0,EUS,True,0.9992963645042532,7.800217377826943e-05,0.00046845789553407515,0.00015717542643448387,0.9992963645042532
358,0,EUS,0,EUS,True,0.9993720685402279,0.00011246688350173407,3.692046669635617e-06,0.0005117725296006964,0.9993720685402279
359,0,EUS,0,EUS,True,0.9827115084519661,0.0031039493071440463,0.0003061276816424546,0.013878414559247515,0.9827115084519661
360,0,EUS,0,EUS,True,0.9997994301519536,2.2442953023689587e-05,4.782387006952325e-06,0.00017334450801559175,0.9997994301519536
361,0,EUS,0,EUS,True,0.99952789266667,6.17792435556289e-05,2.0925297638733926e-06,0.00040823556001073484,0.99952789266667
362,0,EUS,0,EUS,True,0.993553880667245,0.0020538903703104716,0.00018207596077966754,0.004210153001664977,0.993553880667245
363,0,EUS,0,EUS,True,0.9942342140111597,0.0007523547485685298,0.0005449648468120125,0.004468466393459731,0.9942342140111597
364,0,EUS,0,EUS,True,0.9921688257624685,0.0004967834925989927,0.0006093071109977978,0.00672508363393466,0.9921688257624685
365,0,EUS,0,EUS,True,0.991972247858987,0.0006862833760067572,0.0006285465367475283,0.006712922228258761,0.991972247858987
366,0,EUS,0,EUS,True,0.8270512688789101,0.0007018720330500988,0.0015569938558846093,0.17068986523215535,0.8270512688789101
367,0,EUS,0,EUS,True,0.9874649488333137,0.0004950348972637264,0.0020184606347980493,0.010021555634624686,0.9874649488333137
368,0,EUS,0,EUS,True,0.9937707120795387,0.0003205388514472822,4.1072416953299485e-05,0.005867676652060914,0.9937707120795387
369,0,EUS,0,EUS,True,0.9954864492827026,0.0014662431180569322,0.0006912866409007044,0.002356020958339855,0.9954864492827026
370,0,EUS,0,EUS,True,0.9995068163084394,4.167385856663688e-05,4.09081748390433e-05,0.0004106016581547819,0.9995068163084394
371,0,EUS,0,EUS,True,0.9944175824557796,1.0625367559038863e-05,1.5244440692225284e-05,0.005556547735969182,0.9944175824557796
372,0,EUS,0,EUS,True,0.9997730391718614,3.997211864427758e-06,1.5801099739453756e-06,0.00022138350630029029,0.9997730391718614
373,0,EUS,0,EUS,True,0.9843977715686796,0.0001008990884370107,0.00011472895841520861,0.0153866003844684,0.9843977715686796
374,0,EUS,0,EUS,True,0.9944695696032094,0.0002262710705106285,4.050581157395566e-05,0.005263653514706127,0.9944695696032094
375,0,EUS,0,EUS,True,0.8061027976930889,0.0024511516826645043,0.13514625076665285,0.056299799857593605,0.8061027976930889
376,0,EUS,0,EUS,True,0.9854669449430071,0.0004919741738935189,0.0001368184359555627,0.01390426244714373,0.9854669449430071
377,0,EUS,0,EUS,True,0.9999246526831933,1.7555365116726093e-06,2.9516873217540456e-07,7.32966115628818e-05,0.9999246526831933
378,0,EUS,0,EUS,True,0.9959961569043456,4.295950986912715e-05,0.00011087490048008015,0.0038500086853051492,0.9959961569043456
379,0,EUS,0,EUS,True,0.9977740118542551,5.9724085648893e-05,0.00043702113525134723,0.001729242924844717,0.9977740118542551
380,0,EUS,0,EUS,True,0.9948042385694398,5.053332949237338e-05,4.809320248061267e-05,0.005097134898587251,0.9948042385694398
381,0,EUS,0,EUS,True,0.9793289529062346,0.016372947421415134,0.00018128036079675928,0.004116819311553353,0.9793289529062346
382,0,EUS,0,EUS,True,0.9833782482734366,0.000983447799875663,0.00033742669243663417,0.015300877234251409,0.9833782482734366
383,0,EUS,3,red_spot,False,0.3614822638220889,0.00039709739720847744,0.00023102777591554744,0.6378896110047874,0.6378896110047874
384,0,EUS,0,EUS,True,0.9912641491164663,0.0012050849721767921,0.0011276287838985868,0.006403137127458317,0.9912641491164663
385,0,EUS,0,EUS,True,0.9996506693392764,5.318713891280163e-05,4.3147994490983615e-06,0.00029182872236190114,0.9996506693392764
386,0,EUS,0,EUS,True,0.9935203987008286,0.0009645803313232764,0.0004649729244990267,0.0050500480433489665,0.9935203987008286
387,0,EUS,0,EUS,True,0.9908007987395476,2.8727488762272132e-05,4.0608354999803996e-05,0.00912986541669023,0.9908007987395476
388,0,EUS,0,EUS,True,0.9852534464905621,1.5905316812352693e-05,0.0017615938167424429,0.01296905437588315,0.9852534464905621
389,0,EUS,0,EUS,True,0.9996245981188596,2.473355403336505e-05,0.00010492175078378686,0.00024574657632322393,0.9996245981188596
390,0,EUS,0,EUS,True,0.9907937104269061,0.004812308162671654,3.644328761523992e-05,0.004357538122807173,0.9907937104269061
391,0,EUS,0,EUS,True,0.9984158766117276,8.09463431628368e-06,1.974874392717815e-06,0.0015740538795635402,0.9984158766117276
392,0,EUS,0,EUS,True,0.9970891203351012,0.00017084575983698582,1.375397365791744e-05,0.002726279931403653,0.9970891203351012
393,0,EUS,0,EUS,True,0.9961864154341113,4.601801321897778e-05,0.00032628506476884144,0.0034412814879006613,0.9961864154341113
394,0,EUS,0,EUS,True,0.9961936563037807,4.236801351764962e-05,0.0004366144864845775,0.003327361196217049,0.9961936563037807
395,0,EUS,0,EUS,True,0.9972127282094784,0.00033288001811626497,1.0557048091686574e-05,0.0024438347243136483,0.9972127282094784
396,0,EUS,0,EUS,True,0.9963761382622,0.0009537583211648621,0.00034279977827937733,0.0023273036383558857,0.9963761382622
397,0,EUS,0,EUS,True,0.9835417418561445,0.0009064951243477484,0.00027193156934928717,0.015279831450158548,0.9835417418561445
398,0,EUS,0,EUS,True,0.986575597648272,0.0008686846721015879,0.002362303777310653,0.010193413902315911,0.986575597648272
399,0,EUS,0,EUS,True,0.9750993571269834,0.0012934138069447178,0.0002526473168362824,0.023354581749235704,0.9750993571269834
400,0,EUS,0,EUS,True,0.999634454400758,1.1378888421102565e-05,5.050637288959949e-05,0.0003036603379314806,0.999634454400758
401,0,EUS,0,EUS,True,0.9912143976867017,0.0007026723040686429,0.00038098653398316334,0.007701943475246546,0.9912143976867017
402,0,EUS,0,EUS,True,0.9835611153453472,0.0008271320963041242,0.002895283828585055,0.012716468729763652,0.9835611153453472
403,0,EUS,0,EUS,True,0.9844051588510159,8.100425537021297e-05,0.00011259146328032924,0.015401245430333518,0.9844051588510159
404,0,EUS,3,red_spot,False,0.03027520365530572,9.755704745554702e-05,1.2659490920108044e-05,0.9696145798063188,0.9696145798063188
405,0,EUS,3,red_spot,False,0.1595593986759367,0.000605626836928426,0.0007624400683399189,0.839072534418795,0.839072534418795
406,0,EUS,3,red_spot,False,0.2520319102158776,0.0003847020542293709,0.0002070693069021554,0.747376318422991,0.747376318422991
407,0,EUS,3,red_spot,False,0.16003732858373018,9.194690778541654e-05,0.000190954173304354,0.8396797703351805,0.8396797703351805
408,0,EUS,0,EUS,True,0.9846360726104255,8.982254078999397e-05,0.00010965658239676716,0.015164448266387714,0.9846360726104255
409,0,EUS,0,EUS,True,0.9988348140952857,0.00023143871669362411,0.0004674283930821132,0.0004663187949384046,0.9988348140952857
410,0,EUS,0,EUS,True,0.9902126016365232,0.000664570112892129,0.0006977870489308744,0.008425041201653787,0.9902126016365232
411,0,EUS,0,EUS,True,0.9875525718564139,0.000742147526396237,0.0021838116629262065,0.009521468954263736,0.9875525718564139
412,0,EUS,0,EUS,True,0.9942175230749126,0.00044153754249039385,0.00014011795313607827,0.005200821429460958,0.9942175230749126
413,0,EUS,0,EUS,True,0.9968889188625901,0.0004611705328254362,4.761241474684719e-05,0.0026022981898377487,0.9968889188625901
414,0,EUS,0,EUS,True,0.9947047840211549,0.0010122844622575409,0.0002453672344013412,0.004037564282186269,0.9947047840211549
415,0,EUS,0,EUS,True,0.9897317474650512,0.0006630705109691647,0.0006128877227931194,0.008992294301186653,0.9897317474650512
416,0,EUS,0,EUS,True,0.9916890846975197,0.0006011347398843445,0.0007903106024330966,0.006919469960162809,0.9916890846975197
417,0,EUS,0,EUS,True,0.9988416207046055,7.78785623523621e-06,8.17877378460074e-07,0.0011497735617807517,0.9988416207046055
418,0,EUS,0,EUS,True,0.9950480710757938,0.0009117500058179825,0.0004310668294958761,0.003609112088892054,0.9950480710757938
419,0,EUS,0,EUS,True,0.9841497208380684,0.002664604722370824,0.0005525385524075647,0.012633135887153186,0.9841497208380684
420,0,EUS,0,EUS,True,0.9877220159087872,0.0006900070909667201,0.002282911734083388,0.009305065266162895,0.9877220159087872
421,0,EUS,0,EUS,True,0.9839109696872665,2.6479226891243015e-05,0.0010413542419311509,0.015021196843910815,0.9839109696872665
422,0,EUS,0,EUS,True,0.9970603614060499,0.0002870637123800649,1.9765936717086457e-05,0.002632808944852886,0.9970603614060499
423,0,EUS,0,EUS,True,0.9991724483393284,0.0004222003460340008,0.00010210762211995869,0.00030324369251742434,0.9991724483393284
424,0,EUS,0,EUS,True,0.9907029838775113,1.2652750262559619e-05,0.0014304468689197733,0.007853916503306317,0.9907029838775113
425,0,EUS,0,EUS,True,0.9896229924484287,3.678366663029597e-05,5.156209188086647e-05,0.01028866179306025,0.9896229924484287
426,0,EUS,0,EUS,True,0.9917357750198343,0.0003303037529507401,6.881946673605011e-05,0.007865101760478796,0.9917357750198343
427,0,EUS,0,EUS,True,0.4891748422023105,0.00016761095289925695,0.000315639190872838,0.5103419076539171,0.5103419076539171
428,0,EUS,0,EUS,True,0.9986803667745436,1.357192847551476e-05,0.0004720066843053984,0.0008340546126752243,0.9986803667745436
429,0,EUS,0,EUS,True,0.9997733426135192,3.994125167550162e-06,1.5802060842842507e-06,0.0002210830552287255,0.9997733426135192
430,0,EUS,0,EUS,True,0.9956737030741486,0.0008939332036866492,0.0005638349166445723,0.002868528805519989,0.9956737030741486
431,0,EUS,0,EUS,True,0.9902882093884082,0.0008232792597407604,0.0007415151729657438,0.008146996178885346,0.9902882093884082
432,0,EUS,0,EUS,True,0.9851866952217222,0.0008150136208844042,0.00574479808386714,0.008253493073526123,0.9851866952217222
433,0,EUS,0,EUS,True,0.9981284006444836,3.508871141161899e-05,0.0004760176014791648,0.0013604930426256016,0.9981284006444836
434,0,EUS,0,EUS,True,0.9853197583073446,9.101912012140327e-05,0.0028213047259060932,0.01176791784662789,0.9853197583073446
435,0,EUS,0,EUS,True,0.9997994301519536,2.2442953023689587e-05,4.782387006952325e-06,0.00017334450801559175,0.9997994301519536
436,0,EUS,0,EUS,True,0.9843847881213252,9.975524977670989e-05,0.00011474573362934517,0.015400710895268756,0.9843847881213252
437,0,EUS,0,EUS,True,0.9886539942541863,0.0007707745550312406,7.200760928818542e-05,0.010503223581494326,0.9886539942541863
438,0,EUS,0,EUS,True,0.9977141711234632,0.00012203646023223787,1.531175528571535e-05,0.00214848066101884,0.9977141711234632
439,0,EUS,0,EUS,True,0.9932942594067119,0.001039015674678839,7.022215037334592e-05,0.005596502768235995,0.9932942594067119
440,0,EUS,0,EUS,True,0.9876284949554148,0.00016325909545016428,8.897171737281569e-05,0.012119274231762131,0.9876284949554148
441,0,EUS,0,EUS,True,0.9839457110932893,0.00041957125209073,0.0002559006198410964,0.015378817034778862,0.9839457110932893
442,0,EUS,0,EUS,True,0.9921688257624685,0.0004967834925989927,0.0006093071109977978,0.00672508363393466,0.9921688257624685
443,0,EUS,0,EUS,True,0.9942578143038974,0.0003137079199079238,0.0005411642936215265,0.004887313482573056,0.9942578143038974
444,0,EUS,0,EUS,True,0.991972247858987,0.0006862833760067572,0.0006285465367475283,0.006712922228258761,0.991972247858987
445,0,EUS,0,EUS,True,0.9874649488333137,0.0004950348972637264,0.0020184606347980493,0.010021555634624686,0.9874649488333137
446,0,EUS,0,EUS,True,0.9954214652728005,0.0007647326403512811,0.00010536710393389014,0.0037084349829140414,0.9954214652728005
447,0,EUS,0,EUS,True,0.9937707120795387,0.0003205388514472822,4.1072416953299485e-05,0.005867676652060914,0.9937707120795387
448,0,EUS,0,EUS,True,0.999466236422134,4.2916501884055996e-05,7.60989949559491e-05,0.0004147480810259564,0.999466236422134
449,0,EUS,0,EUS,True,0.9844060450400001,8.295921888058356e-05,0.00011251740893665588,0.015398478332182637,0.9844060450400001
450,0,EUS,0,EUS,True,0.9526441818164199,8.192215827223311e-05,0.00018578747900582185,0.047088108546301785,0.9526441818164199
451,0,EUS,0,EUS,True,0.9914657676278438,0.000754191913382413,0.0016755910751911087,0.0061044493835829125,0.9914657676278438
452,0,EUS,0,EUS,True,0.8061027976930889,0.0024511516826645043,0.13514625076665285,0.056299799857593605,0.8061027976930889
453,0,EUS,0,EUS,True,0.9879083759705313,0.001131959480600259,0.002160582745869983,0.008799081802998323,0.9879083759705313
454,0,EUS,0,EUS,True,0.9826702958664796,0.0008389728496342272,0.001520407011121899,0.014970324272764587,0.9826702958664796
455,0,EUS,0,EUS,True,0.9875738135880807,0.0007254753809245903,0.0020804867407953546,0.009620224290199356,0.9875738135880807
456,0,EUS,0,EUS,True,0.9954970788543503,0.00018969498165806402,0.0001357283010051679,0.004177497862986397,0.9954970788543503
457,0,EUS,0,EUS,True,0.9976813094111598,0.00010198376073533016,0.00046788669597061554,0.0017488201321342808,0.9976813094111598
458,0,EUS,0,EUS,True,0.9857925594210272,0.0009969477136434804,0.0025622835302750273,0.010648209335054186,0.9857925594210272
459,0,EUS,0,EUS,True,0.9999246526831933,1.7555365116726093e-06,2.9516873217540456e-07,7.32966115628818e-05,0.9999246526831933
460,0,EUS,0,EUS,True,0.9997638592396396,8.306301328974676e-06,4.930804000855531e-05,0.00017852641902266192,0.9997638592396396
461,0,EUS,0,EUS,True,0.9942715467121308,0.00146657001395842,0.0001628689425963182,0.004099014331314391,0.9942715467121308
462,0,EUS,0,EUS,True,0.9984646778345224,0.00037612427281127333,6.758303169160348e-06,0.0011524395894973456,0.9984646778345224
463,0,EUS,0,EUS,True,0.988845499412397,0.002155213743377858,0.00036803529703097095,0.00863125154719439,0.988845499412397
464,0,EUS,0,EUS,True,0.9912641491164663,0.0012050849721767921,0.0011276287838985868,0.006403137127458317,0.9912641491164663
465,0,EUS,0,EUS,True,0.9996506693392764,5.318713891280163e-05,4.3147994490983615e-06,0.00029182872236190114,0.9996506693392764
466,0,EUS,0,EUS,True,0.9960191062652152,6.543984888370649e-05,1.2013155558331478e-05,0.0039034407303429434,0.9960191062652152
467,0,EUS,0,EUS,True,0.9954836661423327,0.0009296399871165157,0.0005620064893834958,0.003024687381167184,0.9954836661423327
468,0,EUS,0,EUS,True,0.9994570832033904,3.5084459188908476e-07,0.00015827215332872287,0.0003842937986889829,0.9994570832033904
469,0,EUS,0,EUS,True,0.9924151466495855,0.0004136886147431885,0.000605908616937666,0.006565256118733414,0.9924151466495855
470,0,EUS,0,EUS,True,0.9852534464905621,1.5905316812352693e-05,0.0017615938167424429,0.01296905437588315,0.9852534464905621
471,0,EUS,0,EUS,True,0.9823020162017716,0.0018457615974872288,0.0007403606998321644,0.015111861500908885,0.9823020162017716
472,0,EUS,0,EUS,True,0.9945404756418361,5.480780857603423e-05,3.3490036471170064e-05,0.0053712265131168006,0.9945404756418361
473,0,EUS,0,EUS,True,0.990876372555204,1.501404447838362e-05,0.001503334168353893,0.007605279231963583,0.990876372555204
474,0,EUS,0,EUS,True,0.998035334693572,0.0003306672943155829,0.00017119961586090042,0.0014627983962514674,0.998035334693572
475,0,EUS,0,EUS,True,0.9850582621108589,0.0009919267907501125,0.00023956478970173933,0.01371024630868915,0.9850582621108589
476,0,EUS,0,EUS,True,0.9907937104269061,0.004812308162671654,3.644328761523992e-05,0.004357538122807173,0.9907937104269061
477,0,EUS,0,EUS,True,0.9976733426948299,2.8139878997952126e-05,6.947181936815842e-05,0.0022290456068041,0.9976733426948299
478,0,EUS,0,EUS,True,0.9885041816669916,6.575684323682781e-05,6.350342533214895e-05,0.011366558064439494,0.9885041816669916
479,0,EUS,0,EUS,True,0.9953147541994103,0.00011256276292675973,0.00017546632419498189,0.0043972167134678,0.9953147541994103
480,0,EUS,0,EUS,True,0.9980888526521032,1.0515273909671546e-05,1.4164239079830855e-05,0.001886467834907054,0.9980888526521032
481,0,EUS,0,EUS,True,0.9951504840884805,0.000208647799453804,7.691122696056067e-06,0.004633176989369756,0.9951504840884805
482,0,EUS,0,EUS,True,0.9990801550208757,0.0006355223498170011,0.00011353252417589358,0.00017079010513147122,0.9990801550208757
483,0,EUS,0,EUS,True,0.9901938969363399,0.0017950754845052165,0.0018375208140812805,0.006173506765073724,0.9901938969363399
484,0,EUS,0,EUS,True,0.9825135513068297,0.0009014601449718997,0.0024903629717134765,0.014094625576485166,0.9825135513068297
485,0,EUS,0,EUS,True,0.9750993571269834,0.0012934138069447178,0.0002526473168362824,0.023354581749235704,0.9750993571269834
486,0,EUS,0,EUS,True,0.9867015590811651,6.0588616473505134e-05,8.250868198547389e-05,0.013155343620375836,0.9867015590811651
487,1,gill,1,gill,True,3.375449998663756e-13,0.9999993715246502,4.23734736904436e-07,2.0474027532995958e-07,0.9999993715246502
488,1,gill,1,gill,True,3.131537726839405e-07,0.9994337957050365,0.0004437275436132878,0.00012216359757757895,0.9994337957050365
489,1,gill,1,gill,True,0.012198462642156516,0.9747867807160674,0.008546724651150446,0.004468031990625523,0.9747867807160674
490,1,gill,1,gill,True,9.452228386158733e-11,0.9999949602147632,4.243029356279554e-06,7.966613582966985e-07,0.9999949602147632
491,1,gill,1,gill,True,0.02532144173507889,0.9557840549477912,0.011727985311707467,0.007166518005422508,0.9557840549477912
492,1,gill,1,gill,True,3.0127249854733464e-06,0.9973869802437579,0.0010131125954991524,0.0015968944357573455,0.9973869802437579
493,1,gill,1,gill,True,0.0019716005833166953,0.7666612000356751,0.0348089576453795,0.1965582417356289,0.7666612000356751
494,1,gill,1,gill,True,1.6579790028371833e-06,0.9984735697862329,0.0014444768030986354,8.029543166577547e-05,0.9984735697862329
495,1,gill,1,gill,True,4.90560545391577e-07,0.9989202155651314,0.0002538358079763446,0.0008254580663467055,0.9989202155651314
496,1,gill,1,gill,True,0.0019230262930093418,0.9890566853132572,0.008724651527741722,0.00029563686599196716,0.9890566853132572
497,1,gill,1,gill,True,1.63103002767452e-06,0.9988013377396094,0.0008901466206928014,0.00030688460967022663,0.9988013377396094
498,1,gill,1,gill,True,1.2626089447294285e-13,0.9999995173842413,1.4405079873050179e-07,3.3856483373035325e-07,0.9999995173842413
499,1,gill,1,gill,True,0.04047688544542321,0.8963242564995297,0.05980896625105698,0.003389891803989901,0.8963242564995297
500,1,gill,1,gill,True,4.018080395701777e-09,0.9999185996003338,1.669826126108938e-06,7.972655545956649e-05,0.9999185996003338
501,1,gill,1,gill,True,1.0249122807752878e-13,0.9999997870745085,1.1787716701758803e-07,9.504822188324281e-08,0.9999997870745085
502,1,gill,1,gill,True,0.02058548584152295,0.9746084419897798,0.0004602576568222979,0.004345814511875241,0.9746084419897798
503,1,gill,1,gill,True,3.45874563922873e-10,0.9999901814509223,9.158433329742116e-06,6.597698732872064e-07,0.9999901814509223
504,1,gill,1,gill,True,2.1651073296501155e-09,0.9999537590500494,5.321206180660925e-06,4.091757866269573e-05,0.9999537590500494
505,1,gill,1,gill,True,2.157982947068971e-10,0.9999811736443788,4.606004225995869e-08,1.878007978068536e-05,0.9999811736443788
506,1,gill,1,gill,True,6.37125839793999e-08,0.9999972136928175,2.5579120591539803e-06,1.646825395811339e-07,0.9999972136928175
507,1,gill,1,gill,True,1.8413416045517408e-14,0.9999998656078211,3.466562960464541e-08,9.972653093699628e-08,0.9999998656078211
508,1,gill,1,gill,True,0.004539036058470682,0.994605957602891,2.200343123914601e-05,0.0008330029073991718,0.994605957602891
509,1,gill,1,gill,True,1.793619701400589e-14,0.9999998669118761,3.3486312088499504e-08,9.960179376569965e-08,0.9999998669118761
510,1,gill,1,gill,True,2.0026681469790757e-14,0.9999998691409102,3.3337984217329065e-08,9.752108553375305e-08,0.9999998691409102
511,1,gill,1,gill,True,1.6233132050312206e-14,0.9999998506817543,4.92521879240938e-08,1.0006604164968524e-07,0.9999998506817543
512,1,gill,1,gill,True,4.437497989192759e-12,0.999999811122612,9.282277920465985e-08,9.605017135835522e-08,0.999999811122612
513,1,gill,1,gill,True,0.0010532003835858437,0.9986939739628115,1.9054289143311058e-05,0.0002337713644596302,0.9986939739628115
514,1,gill,1,gill,True,4.449980479590633e-08,0.9999888002527397,4.603478966460582e-06,6.551768488966825e-06,0.9999888002527397
515,1,gill,1,gill,True,0.011215021653866312,0.9746896641332254,0.0014267809637969276,0.012668533249110952,0.9746896641332254
516,1,gill,1,gill,True,3.525689040187645e-10,0.9999816981846723,2.9159209287600723e-06,1.5385541829941312e-05,0.9999816981846723
517,1,gill,1,gill,True,1.1341137870234954e-10,0.9999972145375445,2.166725978091487e-06,6.186230659686587e-07,0.9999972145375445
518,1,gill,1,gill,True,6.444964967013184e-07,0.9989215357201489,4.361841566674425e-05,0.001034201367687685,0.9989215357201489
519,1,gill,1,gill,True,0.024969746273798398,0.9634652935810115,0.0014940029327876645,0.010070957212402545,0.9634652935810115
520,1,gill,1,gill,True,1.818263072954135e-14,0.9999998315320756,9.40001384201599e-08,7.44677678253695e-08,0.9999998315320756
521,1,gill,1,gill,True,1.3454262648937414e-07,0.9998889243918566,8.7137592979342e-05,2.38034725374022e-05,0.9998889243918566
522,1,gill,1,gill,True,0.007287459857066216,0.9921455733401111,0.00017211851054814895,0.0003948482922744084,0.9921455733401111
523,1,gill,1,gill,True,1.650289569133265e-14,0.9999998386623095,6.007658271713066e-08,1.0126109123506716e-07,0.9999998386623095
524,1,gill,1,gill,True,5.587648779718274e-10,0.9999718435131111,1.6577372091766626e-05,1.1578556032356832e-05,0.9999718435131111
525,1,gill,1,gill,True,4.160706338746587e-09,0.9999051999988646,9.358807965815353e-05,1.2077607710299704e-06,0.9999051999988646
526,1,gill,1,gill,True,0.0009296602341247445,0.9966599331718141,0.0002545712004566095,0.002155835393604497,0.9966599331718141
527,1,gill,1,gill,True,1.1710860430923063e-12,0.9999985111127595,4.2676428258735824e-08,1.4462096410857493e-06,0.9999985111127595
528,1,gill,1,gill,True,9.841616614304067e-08,0.9996795363447298,5.023795176227543e-05,0.000270127287341928,0.9996795363447298
529,1,gill,1,gill,True,0.07725405072840197,0.6146026214450958,0.0049284870400777845,0.3032148407864244,0.6146026214450958
530,1,gill,1,gill,True,0.0014002441816950216,0.9981956982152546,3.8622983164214765e-05,0.00036543461988602786,0.9981956982152546
531,1,gill,1,gill,True,9.5324433394578e-12,0.9999970515987152,2.415484851735297e-06,5.329069005969571e-07,0.9999970515987152
532,1,gill,1,gill,True,1.0234821579550511e-10,0.9999920940875604,6.740819097814865e-06,1.1649909935260379e-06,0.9999920940875604
533,1,gill,1,gill,True,0.005327238535619473,0.9905906276757673,0.0028104009306760837,0.00127173285793715,0.9905906276757673
534,1,gill,1,gill,True,1.1952283241010276e-07,0.9997974427479612,3.1495496840045846e-05,0.0001709422323665179,0.9997974427479612
535,1,gill,1,gill,True,1.9640353901153555e-10,0.999988616353357,9.331311778768771e-06,2.052138460725066e-06,0.999988616353357
536,1,gill,1,gill,True,0.011057142725525847,0.9796702706234631,0.005412396661266545,0.003860189989744525,0.9796702706234631
537,1,gill,1,gill,True,2.6974303604097378e-08,0.9999258149353798,5.567930980565826e-05,1.84787805110547e-05,0.9999258149353798
538,1,gill,1,gill,True,9.749378474247475e-12,0.9999993480767225,4.416406863502286e-07,2.102728418373874e-07,0.9999993480767225
539,1,gill,1,gill,True,5.471316555463041e-09,0.9999946220057181,4.1879286090660365e-06,1.1845943563484479e-06,0.9999946220057181
540,1,gill,1,gill,True,2.339248265317635e-07,0.9997538668334385,0.00022737351180963263,1.8525729925320297e-05,0.9997538668334385
541,1,gill,1,gill,True,3.5455241690749997e-07,0.9999078205886068,4.9444996034961564e-05,4.237986294111184e-05,0.9999078205886068
542,1,gill,1,gill,True,1.8545669459492488e-09,0.9999465777330324,7.100511935241625e-07,5.271036120696909e-05,0.9999465777330324
543,1,gill,1,gill,True,2.1601351398784486e-14,0.9999998665867396,3.3417970494402754e-08,9.999526826546735e-08,0.9999998665867396
544,1,gill,1,gill,True,7.854722794505793e-13,0.9999999026582022,4.158683072502933e-08,5.575418164284393e-08,0.9999999026582022
545,1,gill,1,gill,True,8.790213796204967e-14,0.9999997896951823,1.1065189514846627e-07,9.96528345804601e-08,0.9999997896951823
546,1,gill,1,gill,True,1.647153410199143e-13,0.9999999052935512,3.471782220155169e-08,5.998846201117302e-08,0.9999999052935512
547,1,gill,1,gill,True,1.3094721912094994e-13,0.9999998685541042,3.4337985392301574e-08,9.710777947367921e-08,0.9999998685541042
548,1,gill,1,gill,True,6.41767733478341e-08,0.9998821515293208,2.020802120906771e-05,9.757627269669928e-05,0.9998821515293208
549,1,gill,1,gill,True,2.7708544764791023e-14,0.9999998616961725,3.8509317842071984e-08,9.97944819678482e-08,0.9999998616961725
550,1,gill,1,gill,True,3.4687667353389546e-08,0.9997594071865127,5.418269281654923e-07,0.0002400162988916595,0.9997594071865127
551,1,gill,1,gill,True,0.0017867820604282238,0.9972055126000648,0.0005576300638634532,0.000450075275643531,0.9972055126000648
552,1,gill,1,gill,True,9.672961477063512e-12,0.999997967439403,8.106271091167001e-08,1.951488213061962e-06,0.999997967439403
553,1,gill,1,gill,True,2.0545908815972147e-13,0.9999999114405899,3.3628529760617e-08,5.493067477005025e-08,0.9999999114405899
554,1,gill,1,gill,True,8.42508396049655e-07,0.9996116391823473,0.0003345513432114833,5.2966966045077775e-05,0.9996116391823473
555,1,gill,1,gill,True,1.6916954930993494e-14,0.9999998661067234,3.3888335197394374e-08,1.0000492461472485e-07,0.9999998661067234
556,1,gill,1,gill,True,1.0606883008302229e-11,0.9999983395257285,4.528918586060946e-07,1.2075718060137553e-06,0.9999983395257285
557,1,gill,1,gill,True,0.0007692503444605668,0.9927800548449489,0.006177900225613826,0.00027279458497662273,0.9927800548449489
558,1,gill,1,gill,True,3.091911871955398e-14,0.9999999037433749,5.7486743053788165e-08,3.87698512351941e-08,0.9999999037433749
559,1,gill,1,gill,True,1.0005580978640417e-09,0.9999896677914807,8.408479876655502e-06,1.922728084443661e-06,0.9999896677914807
560,1,gill,1,gill,True,2.5738423793287244e-07,0.9999282078594728,4.434556226886982e-05,2.7189194020232467e-05,0.9999282078594728
561,1,gill,1,gill,True,0.002730904077525319,0.9967318923802877,0.00016204884664352764,0.0003751546955435351,0.9967318923802877
562,1,gill,1,gill,True,0.0032460945810473727,0.995300228833569,0.0007720077518764662,0.0006816688335070742,0.995300228833569
563,1,gill,1,gill,True,1.0588858340950097e-12,0.9999998297468183,1.2834494230100237e-07,4.190718052448078e-08,0.9999998297468183
564,1,gill,1,gill,True,6.570202586381933e-07,0.9997078374634575,0.00024282710140012512,4.867841488376903e-05,0.9997078374634575
565,1,gill,1,gill,True,1.3975399184658403e-06,0.9984943648777714,0.0014896156337553263,1.4621948554783256e-05,0.9984943648777714
566,1,gill,0,EUS,False,0.8125175943979343,0.17507859252338914,0.003743982212384264,0.008659830866292465,0.8125175943979343
567,1,gill,1,gill,True,1.3426097846226282e-09,0.9999687608242712,5.532185632444563e-06,2.570564748648243e-05,0.9999687608242712
568,1,gill,1,gill,True,1.655084680245518e-14,0.999999866494024,3.350593302130201e-08,1.0000002647608421e-07,0.999999866494024
569,1,gill,1,gill,True,8.042162723211256e-07,0.9991750735066595,0.0008095132782225906,1.4608998845524395e-05,0.9991750735066595
570,1,gill,1,gill,True,3.629327667573705e-11,0.9999987525241927,1.0616519277519507e-06,1.857875861666759e-07,0.9999987525241927
571,1,gill,1,gill,True,0.30076047603555633,0.35934277447168583,0.23069174882978116,0.1092050006629766,0.35934277447168583
572,1,gill,1,gill,True,8.50101781950453e-09,0.9999937638809758,4.9326814141364036e-06,1.2949365921581612e-06,0.9999937638809758
573,1,gill,1,gill,True,3.7442935651634003e-10,0.9999989060038247,9.804610359981584e-07,1.1316070978094984e-07,0.9999989060038247
574,1,gill,1,gill,True,5.848006008987835e-12,0.9999997162209059,2.1605369771850787e-07,6.771954847081804e-08,0.9999997162209059
575,1,gill,1,gill,True,0.0056461802899689575,0.9935131921399744,0.000712264956707925,0.0001283626133486008,0.9935131921399744
576,1,gill,1,gill,True,2.965205762312209e-07,0.9998687544759464,9.030970185394366e-05,4.063930162340041e-05,0.9998687544759464
577,1,gill,1,gill,True,2.021424575273047e-09,0.9999969503925357,1.9869382616365493e-06,1.0606477781000553e-06,0.9999969503925357
578,1,gill,1,gill,True,0.003912132096351533,0.9952643176001815,0.0005747612432297372,0.00024878906023698133,0.9952643176001815
579,1,gill,1,gill,True,0.0011250251982951344,0.9985461540384876,0.0001598814631622253,0.0001689393000552307,0.9985461540384876
580,1,gill,1,gill,True,1.7373332680516529e-12,0.9999983036085754,1.657884749223353e-06,3.8504938031495504e-08,0.9999983036085754
581,1,gill,1,gill,True,5.061608406257112e-10,0.999975293691872,2.436710107730003e-05,3.3870088976935466e-07,0.999975293691872
582,1,gill,1,gill,True,0.056474271312204054,0.9260428393718665,4.8468872526438305e-05,0.01743442044340346,0.9260428393718665
583,1,gill,1,gill,True,9.46967556324229e-10,0.999992063656696,6.225612703895234e-06,1.7097836326801779e-06,0.999992063656696
584,1,gill,1,gill,True,1.0314846665748388e-06,0.9989413991644976,0.00013166276870818676,0.000925906582127527,0.9989413991644976
585,1,gill,1,gill,True,2.898344501134643e-12,0.9999997954958976,1.5284948449676548e-07,5.165171950060677e-08,0.9999997954958976
586,1,gill,1,gill,True,7.290047046604648e-09,0.9999945020900675,4.89341991804056e-06,5.971999673799285e-07,0.9999945020900675
587,1,gill,1,gill,True,6.69061013328813e-07,0.9993352807672058,0.0005980494992268942,6.600067255411612e-05,0.9993352807672058
588,1,gill,1,gill,True,9.04393023242576e-07,0.9991031986899169,0.0008609708907341492,3.492602632585084e-05,0.9991031986899169
589,1,gill,1,gill,True,1.7975233801111498e-14,0.9999998671206743,3.334781822068148e-08,9.953148956299831e-08,0.9999998671206743
590,1,gill,1,gill,True,0.013449415352442642,0.9858938643592239,0.000288305321311116,0.0003684149670225084,0.9858938643592239
591,1,gill,1,gill,True,5.342271586938981e-06,0.9970036801140428,0.00136372549876301,0.0016272521156072933,0.9970036801140428
592,1,gill,1,gill,True,1.946245525423766e-11,0.9999989464901993,1.5962046244855633e-07,8.938698758534741e-07,0.9999989464901993
593,1,gill,1,gill,True,0.04220959525658333,0.951109102833415,0.001722636606535457,0.004958665303465892,0.951109102833415
594,1,gill,1,gill,True,9.665698233047308e-10,0.9999843517295506,1.4879905085664804e-05,7.67398793933686e-07,0.9999843517295506
595,1,gill,1,gill,True,0.011704462436883643,0.946808937164246,0.022043914870284006,0.019442685528586405,0.946808937164246
596,1,gill,1,gill,True,1.874277439601743e-14,0.9999998601456412,3.98510421114572e-08,1.0000329804854962e-07,0.9999998601456412
597,1,gill,1,gill,True,3.397874500607175e-09,0.9999875811492294,9.855147954182078e-06,2.5603049417725435e-06,0.9999875811492294
598,1,gill,1,gill,True,0.002093662416152209,0.9972659057352022,6.33593931360868e-05,0.0005770724555095506,0.9972659057352022
599,1,gill,1,gill,True,4.283754292184222e-09,0.9999531454072903,3.2254916293819736e-05,1.4595392661550615e-05,0.9999531454072903
600,1,gill,1,gill,True,2.190460093647631e-14,0.9999998648332676,3.680693518459646e-08,9.835977531885276e-08,0.9999998648332676
601,1,gill,1,gill,True,0.006727992051800187,0.9925849348474761,7.983482104616464e-05,0.0006072382796775161,0.9925849348474761
602,1,gill,1,gill,True,1.0889070403506921e-11,0.9999959443961788,3.1519535512554395e-06,9.036393810056924e-07,0.9999959443961788
603,1,gill,1,gill,True,5.403688197448957e-09,0.9999910690926205,1.8810739729629637e-06,7.044429718268759e-06,0.9999910690926205
604,1,gill,1,gill,True,0.023957838708043473,0.9759331777008506,4.4080285135016975e-05,6.490330597119255e-05,0.9759331777008506
605,1,gill,1,gill,True,2.6818727787677443e-07,0.9996117047303881,0.00034230343736845164,4.572364496562946e-05,0.9996117047303881
606,1,gill,1,gill,True,5.965569182855052e-08,0.9999973515156397,1.2679587515959948e-06,1.3208699168716846e-06,0.9999973515156397
607,1,gill,1,gill,True,1.2957693156588128e-08,0.9998164089683995,2.9381979922192885e-05,0.00015419609398529247,0.9998164089683995
608,1,gill,1,gill,True,6.427890210333656e-06,0.9968375230891918,0.0030936945970074675,6.235442359030902e-05,0.9968375230891918
609,1,gill,1,gill,True,4.800240796457168e-12,0.999998325930804,1.5299157836086283e-06,1.4414861218627424e-07,0.999998325930804
610,1,gill,1,gill,True,0.013940626188084905,0.9776672300667967,0.0064356583633260744,0.0019564853817923508,0.9776672300667967
611,1,gill,1,gill,True,1.0976590982104671e-12,0.9999998677828194,3.406622631446409e-08,9.814985666962467e-08,0.9999998677828194
612,1,gill,1,gill,True,1.9699950171265646e-09,0.9999873758502784,1.092416937168648e-05,1.6980103549274796e-06,0.9999873758502784
613,1,gill,1,gill,True,0.0021818547441596514,0.9940562222983066,0.0034572744184730017,0.000304648539060696,0.9940562222983066
614,1,gill,1,gill,True,2.344816854883403e-11,0.9999999128064043,3.334139430421447e-08,5.382875302903789e-08,0.9999999128064043
615,1,gill,1,gill,True,7.058679100452819e-07,0.9997525425615229,0.00021314929027304284,3.3602280294155305e-05,0.9997525425615229
616,1,gill,1,gill,True,1.7159030985422553e-13,0.9999998221473865,3.658169323015174e-08,1.4127074863016097e-07,0.9999998221473865
617,1,gill,1,gill,True,7.005454943874202e-07,0.9998963739452397,9.022585307092751e-05,1.2699656194933607e-05,0.9998963739452397
618,1,gill,1,gill,True,3.124444197206344e-08,0.9999964370061685,1.9187635448821756e-06,1.6129858446386043e-06,0.9999964370061685
619,1,gill,1,gill,True,0.0012739328300266002,0.9970128283046907,0.0016527680912627831,6.047077401997806e-05,0.9970128283046907
620,1,gill,1,gill,True,9.000728204418479e-11,0.9999981501186778,1.6054433497962655e-06,2.4434796503157645e-07,0.9999981501186778
621,1,gill,1,gill,True,1.0029579621188685e-06,0.9999970555606067,1.1936570535812764e-06,7.478243775855977e-07,0.9999970555606067
622,1,gill,1,gill,True,1.9645306376745398e-10,0.9999829046605339,1.6740114893548525e-05,3.550281195975259e-07,0.9999829046605339
623,1,gill,1,gill,True,0.002546863093349783,0.9974442796126973,4.0203921258531415e-06,4.836901827083139e-06,0.9974442796126973
624,1,gill,1,gill,True,0.02522637813681593,0.967512783254388,0.0063482803899039715,0.0009125582188917499,0.967512783254388
625,1,gill,1,gill,True,9.970285426050119e-08,0.9995527488822848,0.00038659024232421237,6.05611725366686e-05,0.9995527488822848
626,1,gill,1,gill,True,2.4634339299217065e-09,0.9999449759270956,4.471601430660011e-05,1.0305595163823812e-05,0.9999449759270956
627,1,gill,1,gill,True,3.289923614194357e-13,0.999999373518355,4.97228017847395e-07,1.292532981303438e-07,0.999999373518355
628,1,gill,1,gill,True,0.004855189874556262,0.988713639098385,0.0052663564333437505,0.0011648145937149439,0.988713639098385
629,1,gill,1,gill,True,2.0019121881727448e-08,0.9998675912746473,0.0001011544343810985,3.123427184960513e-05,0.9998675912746473
630,1,gill,1,gill,True,0.004138720401634318,0.9887520816123126,0.006493626187815761,0.0006155717982371897,0.9887520816123126
631,1,gill,1,gill,True,1.709261260434883e-14,0.9999998512293331,4.86532661420481e-08,1.0011738364433404e-07,0.9999998512293331
632,1,gill,1,gill,True,3.487792585461384e-09,0.9999739058087609,1.3926632170540474e-05,1.2164071276030887e-05,0.9999739058087609
633,1,gill,1,gill,True,1.6882526576947583e-11,0.9999945477791495,2.916344948543974e-07,5.160569473148905e-06,0.9999945477791495
634,1,gill,1,gill,True,1.3914036836958816e-13,0.9999998670950488,3.3351996882441815e-08,9.955281513323162e-08,0.9999998670950488
635,1,gill,1,gill,True,1.3913131343128388e-13,0.9999998716009195,3.339726090648178e-08,9.500168051561823e-08,0.9999998716009195
636,1,gill,1,gill,True,2.5637816839976372e-14,0.999999868955499,3.3789122875563914e-08,9.725535258278291e-08,0.999999868955499
637,1,gill,1,gill,True,3.4467826787583693e-11,0.9999994810410114,1.3782359093152668e-07,3.8110092977208893e-07,0.9999994810410114
638,1,gill,1,gill,True,6.146543770661615e-10,0.9999653847344508,7.215826136741663e-06,2.7398824758007713e-05,0.9999653847344508
639,1,gill,1,gill,True,3.8907653943314314e-08,0.9999946559476339,3.1505080767546096e-06,2.154636635305599e-06,0.9999946559476339
640,1,gill,1,gill,True,3.232290599278376e-09,0.999991324059663,2.789292107424783e-06,5.883415939040165e-06,0.999991324059663
641,1,gill,1,gill,True,0.0008724819543756378,0.9988838799708624,2.740805787525715e-05,0.00021623001688665503,0.9988838799708624
642,1,gill,1,gill,True,0.001988643477355551,0.9924244991720416,0.0040414833189035305,0.0015453740316993892,0.9924244991720416
643,1,gill,1,gill,True,0.0015467114295504617,0.9868713503190107,0.005564700053320805,0.006017238198118076,0.9868713503190107
644,1,gill,1,gill,True,2.109778096321239e-08,0.9999057800135609,8.438322572867148e-05,9.815662929384495e-06,0.9999057800135609
645,1,gill,1,gill,True,1.2731136334107885e-12,0.9999993260667774,3.358676405018717e-08,6.403451851969762e-07,0.9999993260667774
646,1,gill,1,gill,True,3.141049181655575e-08,0.9997172652249162,7.98726725364304e-05,0.00020283069205555997,0.9997172652249162
647,1,gill,1,gill,True,2.2546002813881464e-08,0.9998384414877546,7.98235970508246e-06,0.00015355360653754793,0.9998384414877546
648,1,gill,1,gill,True,2.0640167513531653e-08,0.9999986465869946,1.1544479364437529e-06,1.783249012523435e-07,0.9999986465869946
649,1,gill,1,gill,True,1.752805090557959e-11,0.9999997692266694,1.3286626373699963e-07,9.788953864342383e-08,0.9999997692266694
650,1,gill,1,gill,True,3.0506154776811584e-14,0.9999999043045298,3.400102895839513e-08,6.169441064840801e-08,0.9999999043045298
651,1,gill,1,gill,True,0.0023714478839212518,0.9976173318771119,4.5732125988625516e-07,1.0762917707040788e-05,0.9976173318771119
652,1,gill,1,gill,True,3.821096538320891e-09,0.9999582708355754,2.8976435461099368e-05,1.2748907866987378e-05,0.9999582708355754
653,1,gill,1,gill,True,3.0236742602243367e-10,0.9999855183324806,1.2747772246522294e-05,1.7335929056150766e-06,0.9999855183324806
654,1,gill,1,gill,True,6.393019961447533e-09,0.9998958626084438,1.2790337296629238e-06,0.00010285196480676789,0.9998958626084438
655,1,gill,1,gill,True,1.123811815077393e-06,0.9988406422686751,0.001139455251309615,1.877866820022506e-05,0.9988406422686751
656,1,gill,1,gill,True,1.3223640438319039e-08,0.9999302491527499,6.753752636412568e-05,2.2000972456332e-06,0.9999302491527499
657,1,gill,1,gill,True,4.072603638742596e-09,0.9999793778396817,1.3887992071663442e-05,6.730095642965111e-06,0.9999793778396817
658,1,gill,1,gill,True,4.282631568759941e-11,0.9999926020928307,3.3374614036519934e-08,7.364489728747348e-06,0.9999926020928307
659,1,gill,1,gill,True,1.6542892685651906e-08,0.9999948897614467,2.294326894259615e-06,2.7993687663108397e-06,0.9999948897614467
660,1,gill,1,gill,True,1.9545816267798384e-13,0.9999997892837915,1.1071320506050519e-07,1.0000280780287495e-07,0.9999997892837915
661,1,gill,1,gill,True,1.5953063979115792e-08,0.999996532362791,1.7925917937475095e-06,1.659092351283422e-06,0.999996532362791
662,1,gill,1,gill,True,0.001018299013517105,0.9975061601071542,0.0013439073145505753,0.00013163356477792395,0.9975061601071542
663,1,gill,1,gill,True,1.050470930659597e-08,0.9998527185302116,3.441420023496802e-05,0.00011285676484404542,0.9998527185302116
664,1,gill,1,gill,True,0.0038294872166984868,0.9238647139579068,0.06821577877391401,0.00409002005148072,0.9238647139579068
665,1,gill,1,gill,True,8.02296205101517e-12,0.9999966545883266,9.586309466780239e-07,2.386772703735409e-06,0.9999966545883266
666,1,gill,1,gill,True,1.4741264806350234e-14,0.9999998430878007,5.38100572960164e-08,1.0310212729257741e-07,0.9999998430878007
667,1,gill,1,gill,True,9.415137565071011e-09,0.9998855551962935,1.5731338769801025e-06,0.0001128622546918382,0.9998855551962935
668,1,gill,1,gill,True,2.512356090091382e-07,0.9999043213179158,3.176670616122842e-05,6.366074031394416e-05,0.9999043213179158
669,1,gill,1,gill,True,2.3166620929205254e-12,0.9999998667885872,3.3340042734376255e-08,9.98690534691261e-08,0.9999998667885872
670,1,gill,1,gill,True,1.0406831525517766e-12,0.9999998700344832,4.0749889507230366e-08,8.921458656639005e-08,0.9999998700344832
671,1,gill,1,gill,True,2.3524547515705607e-07,0.9999570854465302,3.7062491164668946e-05,5.616816829991065e-06,0.9999570854465302
672,1,gill,1,gill,True,2.5066309745614155e-14,0.999999878464244,3.34556286680518e-08,8.808010216635136e-08,0.999999878464244
673,1,gill,1,gill,True,1.0039652858405692e-07,0.9995689013472833,9.052470304169564e-05,0.00034047355314636247,0.9995689013472833
674,1,gill,1,gill,True,3.325770083103721e-11,0.9999998606277396,4.14296764119639e-08,9.790932619503554e-08,0.9999998606277396
675,1,gill,1,gill,True,7.930214618296287e-10,0.9999663036484903,2.8646953412937818e-05,5.048605075307762e-06,0.9999663036484903
676,1,gill,1,gill,True,4.891513379206649e-07,0.9991109699507531,0.0008502412645154179,3.829963339357081e-05,0.9991109699507531
677,1,gill,1,gill,True,6.47106754327278e-09,0.9998972072213829,1.331259611258552e-06,0.00010145504793841418,0.9998972072213829
678,1,gill,1,gill,True,7.300641219406686e-09,0.9999630678479852,1.5857019136252198e-05,2.1067832237340664e-05,0.9999630678479852
679,1,gill,1,gill,True,0.35304947732284586,0.5991786182681463,0.009522156527534584,0.03824974788147304,0.5991786182681463
680,1,gill,1,gill,True,2.703078580646321e-07,0.9999731582351314,1.069202132521498e-05,1.5879435685275006e-05,0.9999731582351314
681,1,gill,1,gill,True,8.253847274297658e-12,0.9999989427566636,9.301593979669482e-07,1.2707568459134495e-07,0.9999989427566636
682,1,gill,1,gill,True,1.5414062547965368e-11,0.9999998843332017,4.7495183369391106e-08,6.815620067656905e-08,0.9999998843332017
683,1,gill,1,gill,True,1.5549565507383694e-07,0.9997993490389958,8.30811133945021e-05,0.00011741435195454693,0.9997993490389958
684,1,gill,1,gill,True,1.5026789762194947e-09,0.9999640070390176,2.780945995405126e-05,8.18199834949052e-06,0.9999640070390176
685,1,gill,1,gill,True,5.954652685697354e-14,0.9999998666327187,3.355260674647211e-08,9.981461516645218e-08,0.9999998666327187
686,1,gill,1,gill,True,1.8561938780363885e-09,0.9999607480023569,3.382658670272799e-05,5.423554746405111e-06,0.9999607480023569
687,1,gill,1,gill,True,2.7152758269652824e-09,0.999996180536821,3.278021433613047e-06,5.387264696012057e-07,0.999996180536821
688,1,gill,1,gill,True,1.1285440307450293e-13,0.9999998511041209,4.840111679693737e-08,1.0049464960964295e-07,0.9999998511041209
689,1,gill,1,gill,True,2.609452392022101e-08,0.9998002195077674,0.00019493651032463188,4.817887384045774e-06,0.9998002195077674
690,1,gill,1,gill,True,4.2125970122973906e-09,0.9999972177833045,2.5706228469542394e-06,2.0738125154029948e-07,0.9999972177833045
691,1,gill,1,gill,True,4.967132266587282e-09,0.9999932908261344,5.386835512776431e-06,1.317371220554593e-06,0.9999932908261344
692,1,gill,1,gill,True,0.004081572505747505,0.9957285764432405,8.130901732098027e-05,0.00010854203369074483,0.9957285764432405
693,1,gill,1,gill,True,3.750330458188881e-11,0.999999532271788,3.8977173810674503e-07,7.791897049863466e-08,0.999999532271788
694,1,gill,1,gill,True,4.771284416825108e-14,0.9999999084737349,3.496415696850508e-08,5.6562060532917694e-08,0.9999999084737349
695,1,gill,1,gill,True,0.029173990582553492,0.9695609730188949,0.0005622208249518177,0.0007028155735997823,0.9695609730188949
696,1,gill,1,gill,True,3.175308084237015e-11,0.9999998011234145,1.3790292107559512e-07,6.094191149536886e-08,0.9999998011234145
697,1,gill,1,gill,True,1.8845352828389154e-08,0.999835657082441,0.0001629368858381739,1.3871863680353352e-06,0.999835657082441
698,1,gill,1,gill,True,3.514566833890596e-12,0.9999985534855192,1.2073560494368591e-06,2.3915491672730416e-07,0.9999985534855192
699,1,gill,1,gill,True,2.1934153118417828e-13,0.9999995984759712,2.9371481478487835e-07,1.0780899462026426e-07,0.9999995984759712
700,1,gill,1,gill,True,1.701415896591267e-07,0.9999969297809068,1.3507712165795974e-06,1.5493062869630594e-06,0.9999969297809068
701,1,gill,1,gill,True,2.196007279164153e-12,0.9999993822637857,1.8747704815754894e-07,4.3025697014972886e-07,0.9999993822637857
702,1,gill,0,EUS,False,0.407437799060846,0.3504206237019733,0.07880489146895991,0.1633366857682208,0.407437799060846
703,1,gill,1,gill,True,3.409439634943858e-10,0.9999879597187161,1.1405403180090767e-05,6.34537159816076e-07,0.9999879597187161
704,1,gill,1,gill,True,1.7702419142766718e-08,0.9998110982360873,9.032388205804662e-05,9.856017943539791e-05,0.9998110982360873
705,1,gill,1,gill,True,2.1251850372338792e-08,0.9999258871307739,6.473939730939891e-05,9.352220066325956e-06,0.9999258871307739
706,1,gill,1,gill,True,1.1673165653020224e-11,0.999999425766922,4.310912265806049e-07,1.431301783083549e-07,0.999999425766922
707,1,gill,1,gill,True,3.932561062226067e-09,0.9999922144232334,8.926261474947269e-07,6.889018057919209e-06,0.9999922144232334
708,1,gill,1,gill,True,0.004309097956900428,0.9932418553647755,0.0006374820515562219,0.001811564626767861,0.9932418553647755
709,1,gill,1,gill,True,1.938858922992453e-09,0.999997563316772,2.14056056766513e-06,2.9418380126499566e-07,0.999997563316772
710,1,gill,1,gill,True,9.491769624070526e-08,0.9999729665609836,1.0195856413937601e-05,1.674266490626351e-05,0.9999729665609836
711,1,gill,1,gill,True,1.1559998440719493e-08,0.9999589566562499,7.429999820399297e-07,4.0288783769627695e-05,0.9999589566562499
712,1,gill,1,gill,True,4.3668945140512394e-07,0.9998972528317165,3.3457253031447034e-05,6.88532258004573e-05,0.9998972528317165
713,1,gill,1,gill,True,1.461193496209317e-07,0.9999259675462083,6.7521272851837866e-06,6.713420715687451e-05,0.9999259675462083
714,1,gill,1,gill,True,8.878959927428486e-13,0.9999999046701794,4.1704225890531864e-08,5.3624706888643405e-08,0.9999999046701794
715,1,gill,1,gill,True,0.003076152496370986,0.9924130921399346,0.0019280390903143928,0.0025827162733801437,0.9924130921399346
716,1,gill,1,gill,True,3.350575671350034e-08,0.9998032056365547,0.00017720582826463108,1.955502942380342e-05,0.9998032056365547
717,1,gill,1,gill,True,7.93673368574721e-08,0.9999675278266407,2.545931102989778e-05,6.933494992781299e-06,0.9999675278266407
718,1,gill,1,gill,True,0.029507322772679572,0.956772877242903,0.0002458670226817996,0.013473932961735574,0.956772877242903
719,1,gill,1,gill,True,3.8827365839550486e-14,0.9999999059282603,4.943448857939906e-08,4.463721235269304e-08,0.9999999059282603
720,1,gill,1,gill,True,8.341085646085205e-12,0.9999999051041951,4.0795531860040385e-08,5.4091932014765575e-08,0.9999999051041951
721,1,gill,1,gill,True,1.536232315638271e-09,0.9999954904596676,4.286033965779521e-06,2.2197013429769251e-07,0.9999954904596676
722,1,gill,1,gill,True,2.213097254997758e-10,0.9999764108623703,2.4726300234672454e-06,2.1116286296205726e-05,0.9999764108623703
723,1,gill,1,gill,True,0.0007689663270032816,0.9983337589412856,0.0002667200682179992,0.0006305546634933147,0.9983337589412856
724,1,gill,1,gill,True,1.3145192987434863e-07,0.9999866913374542,1.1690978597280738e-05,1.4862320187131884e-06,0.9999866913374542
725,1,gill,1,gill,True,0.0012477711352994155,0.9965176965062563,0.0015553281375358249,0.0006792042209082909,0.9965176965062563
726,1,gill,1,gill,True,0.0007299379101767214,0.9980693824652782,0.0008132110428624072,0.00038746858168249977,0.9980693824652782
727,1,gill,1,gill,True,0.002093662416152209,0.9972659057352022,6.33593931360868e-05,0.0005770724555095506,0.9972659057352022
728,1,gill,1,gill,True,3.0538814774866015e-14,0.9999999041077104,3.6813179090658176e-08,5.907907995676294e-08,0.9999999041077104
729,1,gill,1,gill,True,4.674126833853942e-07,0.9999436107976107,3.609834380409899e-05,1.98234459019608e-05,0.9999436107976107
730,1,gill,1,gill,True,0.0297269713398965,0.9537178156085679,0.015221656698408052,0.0013335563531274208,0.9537178156085679
731,1,gill,1,gill,True,1.734128997139842e-14,0.9999998247200669,7.497393293057472e-08,1.0030598296906909e-07,0.9999998247200669
732,1,gill,1,gill,True,0.009105807740900257,0.9890291825507644,0.0007470909003184414,0.0011179188080169713,0.9890291825507644
733,1,gill,1,gill,True,1.0478233005127201e-07,0.9995096350020269,0.0004310490561756501,5.92111594673864e-05,0.9995096350020269
734,1,gill,1,gill,True,7.544424503753981e-09,0.9999973717914663,1.8205515308787358e-06,8.00112578209206e-07,0.9999973717914663
735,1,gill,1,gill,True,0.03968273384282726,0.9321471707240059,0.027083340809012008,0.0010867546241549177,0.9321471707240059
736,1,gill,1,gill,True,1.2038236944029714e-10,0.9999969184018067,1.2627983890311175e-07,2.9551979720531504e-06,0.9999969184018067
737,1,gill,1,gill,True,0.00638754962708684,0.9924717522897453,0.0008366301656762348,0.00030406791749152437,0.9924717522897453
738,1,gill,1,gill,True,6.830833824482083e-14,0.9999998737389618,3.36584485390874e-08,9.260252124306335e-08,0.9999998737389618
739,1,gill,1,gill,True,2.3273993071965495e-10,0.999998055397584,1.335702623694573e-06,6.086670523441802e-07,0.999998055397584
740,1,gill,1,gill,True,2.433675451871357e-13,0.9999996396392667,2.5786194292098783e-07,1.0249854708719485e-07,0.9999996396392667
741,1,gill,1,gill,True,4.702728971967458e-08,0.9998734323033628,7.150365655418856e-05,5.501701279337201e-05,0.9998734323033628
742,1,gill,1,gill,True,0.005926795676500506,0.9937079314577716,0.00025778931486530806,0.00010748355086262169,0.9937079314577716
743,1,gill,1,gill,True,4.86438536797258e-08,0.999786647981376,2.054205376470069e-07,0.0002130979542326711,0.999786647981376
744,1,gill,1,gill,True,1.761751638358975e-12,0.9999996689273296,2.2675164700394228e-07,1.0431926169074981e-07,0.9999996689273296
745,1,gill,1,gill,True,0.010133722307337806,0.9830646587705941,0.006641439017674059,0.00016017990439418445,0.9830646587705941
746,1,gill,1,gill,True,0.0923407579938382,0.9064028491575543,0.0008778761084135767,0.0003785167401938199,0.9064028491575543
747,1,gill,1,gill,True,4.049586527840296e-10,0.9999756682336606,3.953850519788069e-06,2.0377510861114053e-05,0.9999756682336606
748,1,gill,1,gill,True,6.024813257827553e-07,0.9997689279218356,0.00010952637154193996,0.00012094322529666469,0.9997689279218356
749,1,gill,1,gill,True,1.1475440024662674e-11,0.9999972679421991,1.4305671063867176e-06,1.3014792190816784e-06,0.9999972679421991
750,1,gill,1,gill,True,1.0807680431752901e-12,0.9999990885027893,7.051555675940224e-07,2.0634056245364303e-07,0.9999990885027893
751,1,gill,1,gill,True,0.0011228297707207731,0.9971037160414296,0.0013181636730769347,0.0004552905147727949,0.9971037160414296
752,1,gill,1,gill,True,5.06601542067896e-07,0.9993399027593204,0.0004808376920723704,0.00017875294706508191,0.9993399027593204
753,1,gill,1,gill,True,4.036583115052649e-13,0.9999990355919397,5.004430526257848e-08,9.143633515147986e-07,0.9999990355919397
754,1,gill,1,gill,True,2.475378585125668e-10,0.9999824085603877,1.4015606260273816e-05,3.5755858142644506e-06,0.9999824085603877
755,1,gill,1,gill,True,1.0676618527809035e-06,0.9985466934649766,0.0011676436456475796,0.0002845952275230793,0.9985466934649766
756,1,gill,1,gill,True,1.2532724478863987e-08,0.9998759861595525,9.350226931525522e-05,3.0499038407729207e-05,0.9998759861595525
757,1,gill,1,gill,True,1.585640456534414e-14,0.9999998479848726,5.089379041582431e-08,1.0112132105589452e-07,0.9999998479848726
758,1,gill,1,gill,True,2.2047528783807016e-10,0.999993307301503,6.367423595822044e-06,3.250544259538174e-07,0.999993307301503
759,1,gill,1,gill,True,1.4995156271011e-11,0.9999982377575172,1.571980807969244e-06,1.9024667949008418e-07,0.9999982377575172
760,1,gill,1,gill,True,1.5553578487643343e-14,0.9999998503978982,4.9602061389012116e-08,1.0000002498690576e-07,0.9999998503978982
761,1,gill,1,gill,True,1.6005692565918167e-09,0.99999576605173,3.9377022736255835e-06,2.9464542689496865e-07,0.99999576605173
762,1,gill,1,gill,True,7.258667049265594e-09,0.9999798423646421,1.0108246234184525e-05,1.0042130456674836e-05,0.9999798423646421
763,1,gill,1,gill,True,0.0022138608373350206,0.9975896260563898,0.00014277637897684215,5.373672729847685e-05,0.9975896260563898
764,1,gill,1,gill,True,2.5379107698745993e-11,0.9999997333508124,1.0497102444690168e-07,1.6165278380625372e-07,0.9999997333508124
765,1,gill,1,gill,True,1.7666639363186466e-14,0.9999998663680676,3.3797988573206424e-08,9.983392602127063e-08,0.9999998663680676
766,1,gill,1,gill,True,3.9346302733075167e-13,0.9999999031939338,3.336353759937301e-08,6.344213518263206e-08,0.9999999031939338
767,1,gill,1,gill,True,2.4123526730023537e-08,0.9999908300046245,2.247923338061097e-06,6.897948510840324e-06,0.9999908300046245
768,1,gill,1,gill,True,4.4882222281207364e-08,0.9998763536900958,2.5695338679407226e-05,9.790608900253113e-05,0.9998763536900958
769,1,gill,1,gill,True,0.00118492299484615,0.998327570288188,0.0002273650109568877,0.0002601417060088725,0.998327570288188
770,1,gill,1,gill,True,2.9306293198471593e-14,0.9999998828611348,3.583382999748263e-08,8.130500586470521e-08,0.9999998828611348
771,1,gill,1,gill,True,1.1328710699267121e-11,0.9999961633549557,6.66719922318098e-07,3.1699137931259045e-06,0.9999961633549557
772,1,gill,1,gill,True,6.968657531575512e-13,0.9999995955977286,3.034129294087287e-07,1.0098864517542001e-07,0.9999995955977286
773,1,gill,1,gill,True,3.8360320700099706e-10,0.9999989810839895,7.837412069537625e-07,2.3479120022809802e-07,0.9999989810839895
774,1,gill,1,gill,True,2.4064251830081024e-07,0.999787958058246,0.00019619991979007387,1.5601379445628606e-05,0.999787958058246
775,1,gill,1,gill,True,5.6169350379447325e-08,0.9999968150427488,4.026640804633007e-07,2.7261238201881587e-06,0.9999968150427488
776,1,gill,1,gill,True,1.0869924489925124e-08,0.9998812677575516,0.00011285549606732765,5.865876456579999e-06,0.9998812677575516
777,1,gill,1,gill,True,3.07977242082364e-14,0.9999998233115521,7.385975169463655e-08,1.0282866537040803e-07,0.9999998233115521
778,1,gill,1,gill,True,4.500220563341075e-13,0.9999994574676504,5.804900890990483e-08,4.844828907838744e-07,0.9999994574676504
779,1,gill,1,gill,True,1.7346761606465812e-14,0.999999846608562,5.195686945048124e-08,1.0143455126703346e-07,0.999999846608562
780,1,gill,1,gill,True,8.527009761688622e-10,0.9999834002167793,1.1571397148718243e-05,5.027533370915429e-06,0.9999834002167793
781,1,gill,1,gill,True,8.046666496585937e-12,0.9999988884568202,9.2057590493545e-07,1.9095922843886843e-07,0.9999988884568202
782,1,gill,1,gill,True,1.9727419490593706e-10,0.9999785861083484,1.6492989931397645e-05,4.920704446068175e-06,0.9999785861083484
783,1,gill,1,gill,True,2.24581027282038e-07,0.9998089567059789,0.00015508795333789367,3.573075965598866e-05,0.9998089567059789
784,1,gill,1,gill,True,1.5651231875841808e-08,0.9998418596395087,0.00015802512111038824,9.958814910053407e-08,0.9998418596395087
785,1,gill,1,gill,True,0.0022164805805359906,0.9977291854021569,2.0268401878804225e-05,3.4065615428000994e-05,0.9977291854021569
786,1,gill,1,gill,True,1.091972656631461e-06,0.9985175243277014,0.00116650647129386,0.00031487722834818896,0.9985175243277014
787,1,gill,1,gill,True,3.6910449816994264e-11,0.9999996930024152,2.00509323862491e-07,1.0645135035843219e-07,0.9999996930024152
788,1,gill,1,gill,True,7.289169913515592e-08,0.9999048379202664,8.54556846322059e-05,9.633503402474285e-06,0.9999048379202664
789,1,gill,1,gill,True,1.2644057091883876e-09,0.9999887513874941,8.248815317975796e-06,2.998532782170816e-06,0.9999887513874941
790,1,gill,1,gill,True,1.0356639665476319e-11,0.999997178728859,2.280763643106143e-06,5.404971411675389e-07,0.999997178728859
791,1,gill,1,gill,True,1.630489896888974e-07,0.9996447102012782,0.00025709183142570653,9.803491830645924e-05,0.9996447102012782
792,1,gill,1,gill,True,1.7302830745481606e-14,0.9999998666599996,3.345907216520885e-08,9.988091091539028e-08,0.9999998666599996
793,1,gill,1,gill,True,2.445726382197978e-11,0.9999954288625824,3.7512721184363684e-06,8.198408419894219e-07,0.9999954288625824
794,1,gill,1,gill,True,1.0811588833667977e-07,0.9999629521991179,2.030681894512569e-05,1.6632866048437215e-05,0.9999629521991179
795,1,gill,1,gill,True,1.2062439792366078e-06,0.9985333928736373,0.0013406268345384049,0.00012477404784475232,0.9985333928736373
796,1,gill,1,gill,True,1.4668048052801471e-10,0.9999935082357757,4.878450830965731e-06,1.6131667129415208e-06,0.9999935082357757
797,1,gill,1,gill,True,5.038090783637653e-10,0.9999942695657211,4.385990254659503e-06,1.343940215056233e-06,0.9999942695657211
798,1,gill,1,gill,True,1.4430926401898154e-07,0.9995223251695305,0.0003943506857917387,8.317983541377327e-05,0.9995223251695305
799,1,gill,1,gill,True,1.955227150482318e-07,0.9995929276117317,0.0003272612162607227,7.961564929265301e-05,0.9995929276117317
800,1,gill,1,gill,True,2.1927128245854942e-14,0.9999998256376901,3.3380816524184236e-08,1.409814715972193e-07,0.9999998256376901
801,1,gill,1,gill,True,1.3429635820939396e-09,0.9999524317465038,4.130645275213789e-05,6.260457780521548e-06,0.9999524317465038
802,1,gill,1,gill,True,1.4364724785785315e-10,0.9999996500334518,1.1078142542287445e-07,2.3904147555791827e-07,0.9999996500334518
803,1,gill,1,gill,True,0.0011228297707207731,0.9971037160414296,0.0013181636730769347,0.0004552905147727949,0.9971037160414296
804,1,gill,1,gill,True,1.0519256548608045e-07,0.9999334479896886,4.7680211365428473e-05,1.8766606380355978e-05,0.9999334479896886
805,1,gill,1,gill,True,7.08501330700512e-09,0.999896947029952,4.7829175851123845e-06,9.826296744950189e-05,0.999896947029952
806,1,gill,1,gill,True,3.660434898368165e-09,0.9999661136109491,2.2287822022950575e-05,1.1594906592947828e-05,0.9999661136109491
807,1,gill,1,gill,True,0.0016446285980456663,0.9978893485436101,4.0151979128098473e-05,0.0004258708792159362,0.9978893485436101
808,1,gill,1,gill,True,6.445259796928887e-07,0.9993118085411652,0.0005674683704221111,0.00012007856243295031,0.9993118085411652
809,1,gill,1,gill,True,0.0008426950258514336,0.9982143018831031,0.000664654496770563,0.0002783485942747085,0.9982143018831031
810,1,gill,1,gill,True,1.7783200488574952e-14,0.9999998667797096,3.3512511902895574e-08,9.97077606392741e-08,0.9999998667797096
811,1,gill,1,gill,True,4.6548791252233287e-14,0.9999998303754463,8.546976996632911e-08,8.415473721582818e-08,0.9999998303754463
812,1,gill,1,gill,True,1.113804668891938e-06,0.9986489310070149,0.0013430919488947057,6.863239421572989e-06,0.9986489310070149
813,1,gill,1,gill,True,2.5090304449112236e-06,0.9991320564721536,0.0007903178908214946,7.511660657996892e-05,0.9991320564721536
814,1,gill,1,gill,True,1.1172615666322313e-08,0.999869184907446,0.00013015125849761135,6.526614406528258e-07,0.999869184907446
815,1,gill,1,gill,True,7.421569154548355e-07,0.9997668842374773,0.00020449455957980426,2.7879046027506305e-05,0.9997668842374773
816,1,gill,1,gill,True,3.252573815411002e-14,0.9999998928479696,6.524717060119902e-08,4.1904827025019075e-08,0.9999998928479696
817,1,gill,1,gill,True,7.834765446240405e-07,0.9996258705512607,0.00032186809919339265,5.1477873001340525e-05,0.9996258705512607
818,1,gill,1,gill,True,7.998258548461929e-07,0.9987435943575597,0.0011133444952023815,0.00014226132138311597,0.9987435943575597
819,1,gill,1,gill,True,0.0017448097271460482,0.9973768757288728,0.0007825432487483403,9.577129523270337e-05,0.9973768757288728
820,1,gill,1,gill,True,0.0010249093756661374,0.9972056867196268,0.0015733537337525143,0.00019605017095440772,0.9972056867196268
821,1,gill,1,gill,True,2.0993776140861778e-08,0.9999636135682631,1.8724064717269167e-05,1.7641373243502416e-05,0.9999636135682631
822,1,gill,1,gill,True,2.792562759163112e-10,0.9999866140989273,1.2012718059800247e-05,1.3729037565626167e-06,0.9999866140989273
823,1,gill,1,gill,True,2.294361928751059e-07,0.9996554718160535,0.000280336112702152,6.396263505142607e-05,0.9996554718160535
824,1,gill,1,gill,True,4.3947634558602226e-11,0.9999963085051998,3.0328065155589465e-06,6.586443369202884e-07,0.9999963085051998
825,1,gill,1,gill,True,9.949515591331125e-08,0.9999358812210829,4.6157295552061197e-05,1.7861988209028392e-05,0.9999358812210829
826,1,gill,1,gill,True,6.427393937923824e-09,0.9999761390696152,2.068909781329527e-05,3.1654051774837243e-06,0.9999761390696152
827,1,gill,1,gill,True,9.685320471406939e-10,0.999997715196985,4.098289292339604e-07,1.8740055535850096e-06,0.999997715196985
828,1,gill,1,gill,True,1.463499795193437e-13,0.9999998973844816,4.503966496911167e-08,5.757570702887048e-08,0.9999998973844816
829,1,gill,1,gill,True,1.9571219237781635e-06,0.9982712919873835,0.001675159438874961,5.159145181784038e-05,0.9982712919873835
830,1,gill,1,gill,True,5.015670992130142e-13,0.9999997657986412,1.7460248332349567e-07,5.959837388658272e-08,0.9999997657986412
831,1,gill,1,gill,True,8.655710410348425e-09,0.9999739135967938,2.1487938138822603e-05,4.589809357003672e-06,0.9999739135967938
832,1,gill,1,gill,True,6.404926366532563e-07,0.9998531467788319,9.470017382963516e-05,5.151255470191412e-05,0.9998531467788319
833,1,gill,1,gill,True,2.0388912983689478e-11,0.9999964043871279,1.8856871729518057e-06,1.7099053102189205e-06,0.9999964043871279
834,1,gill,1,gill,True,3.8723037672556384e-14,0.9999997551607399,4.077734011796577e-08,2.0406188123408045e-07,0.9999997551607399
835,1,gill,1,gill,True,3.741771366982098e-08,0.9999278843777576,4.0439975389653246e-05,3.16382291392471e-05,0.9999278843777576
836,1,gill,1,gill,True,1.3437176603352766e-11,0.9999999093393123,5.5520711440978463e-08,3.512653920814165e-08,0.9999999093393123
837,1,gill,1,gill,True,2.001454392698686e-14,0.9999998385195699,3.336751012427622e-08,1.28112900129484e-07,0.9999998385195699
838,1,gill,1,gill,True,0.0011525077999809197,0.9975896134140814,0.000875392961474172,0.0003824858244633185,0.9975896134140814
839,1,gill,1,gill,True,1.861463870158759e-08,0.9998127392798357,3.3224516107139345e-05,0.00015401758941856544,0.9998127392798357
840,1,gill,1,gill,True,9.087865375357716e-07,0.998851576730668,0.000918309550454681,0.00022920493233965036,0.998851576730668
841,1,gill,1,gill,True,0.006037551581331444,0.9881015833868128,0.005296509573646976,0.000564355458208705,0.9881015833868128
842,1,gill,1,gill,True,5.972133464161918e-11,0.9999981376210864,7.809986304170824e-07,1.0813205618157512e-06,0.9999981376210864
843,1,gill,1,gill,True,0.0010664933641670472,0.9972747567510566,0.0011732167646507203,0.0004855331201257507,0.9972747567510566
844,1,gill,1,gill,True,5.962148855653099e-13,0.9999990466119194,8.268859302811589e-07,1.2650155416367297e-07,0.9999990466119194
845,1,gill,1,gill,True,0.0010161059498925758,0.9982383898382005,0.0005194797191331826,0.00022602449277388562,0.9982383898382005
846,1,gill,1,gill,True,0.002125403553518424,0.9964232845521185,0.0009058857952109293,0.0005454260991520583,0.9964232845521185
847,1,gill,1,gill,True,0.0021060966220838233,0.9966834106911492,0.0006909384161535472,0.0005195542706132471,0.9966834106911492
848,1,gill,1,gill,True,5.3927181898307e-12,0.9999999063278863,3.336642148090501e-08,6.030029956409508e-08,0.9999999063278863
849,1,gill,1,gill,True,0.0017698258744991008,0.9968613600704829,0.0008825240486501485,0.000486290006367655,0.9968613600704829
850,1,gill,1,gill,True,0.0023625407983244684,0.9963973843122195,0.0011566013038270997,8.347358562875598e-05,0.9963973843122195
851,1,gill,1,gill,True,0.0009253900723459358,0.9974524662985096,0.0011619082125670505,0.00046023541657721313,0.9974524662985096
852,1,gill,1,gill,True,1.98651133029726e-07,0.9999315057745733,3.875360302660005e-05,2.954197126690019e-05,0.9999315057745733
853,1,gill,1,gill,True,0.00190995809222273,0.9970725061331656,0.0005315061591452259,0.00048602961546637054,0.9970725061331656
854,1,gill,1,gill,True,8.993869714118761e-13,0.9999996856478659,2.1973141190944388e-07,9.461982279498623e-08,0.9999996856478659
855,1,gill,1,gill,True,3.750751308177078e-09,0.9999362888689632,3.460482415593407e-05,2.9102556129374604e-05,0.9999362888689632
856,1,gill,1,gill,True,5.881232443656034e-13,0.9999991093680283,6.680409199392296e-07,2.2259046359791547e-07,0.9999991093680283
857,1,gill,1,gill,True,0.0014928103200376787,0.996945684184751,0.001509196055962086,5.2309439249070544e-05,0.996945684184751
858,1,gill,1,gill,True,2.0748855188887995e-07,0.9997197478460645,0.00022762860043096627,5.241606495262756e-05,0.9997197478460645
859,1,gill,1,gill,True,2.6500227973263243e-11,0.9999972676280464,2.3306001698665705e-06,4.017452836389625e-07,0.9999972676280464
860,1,gill,1,gill,True,2.2950965920414056e-09,0.9999480066046714,5.148315409363752e-05,5.079461383436307e-07,0.9999480066046714
861,1,gill,1,gill,True,0.001078132420710705,0.9981369222270232,0.0005664071444246422,0.00021853820784142238,0.9981369222270232
862,1,gill,1,gill,True,1.2709956251220805e-12,0.9999996828597114,2.81068415124677e-07,3.607060237522039e-08,0.9999996828597114
863,1,gill,1,gill,True,6.608664966555245e-13,0.9999997551821523,1.5437677912554524e-07,9.044040768863047e-08,0.9999997551821523
864,1,gill,1,gill,True,0.002214992501261705,0.9976160620062442,0.00013270307907295212,3.624241342123612e-05,0.9976160620062442
865,1,gill,1,gill,True,0.0019894144566709035,0.9963465656863068,0.0010901046681849132,0.0005739151888373091,0.9963465656863068
866,1,gill,1,gill,True,1.955227150482318e-07,0.9995929276117317,0.0003272612162607227,7.961564929265301e-05,0.9995929276117317
867,1,gill,1,gill,True,4.2227310379222824e-07,0.9991164903425134,0.000849774272067526,3.331311231524393e-05,0.9991164903425134
868,1,gill,1,gill,True,1.3137157644909097e-10,0.9999917049843049,6.847832211066191e-06,1.4470521122702573e-06,0.9999917049843049
869,1,gill,1,gill,True,0.0022302190111404014,0.9973534331898167,0.00033845357582940245,7.789422321320807e-05,0.9973534331898167
870,1,gill,1,gill,True,1.4412591563980728e-06,0.9988742348840791,0.0008382496972939332,0.00028607415947058717,0.9988742348840791
871,1,gill,1,gill,True,5.3614276298140126e-12,0.9999991523475453,6.441494981232184e-07,2.0349759513511316e-07,0.9999991523475453
872,1,gill,1,gill,True,2.475378585125668e-10,0.9999824085603877,1.4015606260273816e-05,3.5755858142644506e-06,0.9999824085603877
873,1,gill,1,gill,True,8.984150611964862e-07,0.9995081012225772,0.00033522871121958477,0.00015577165114189132,0.9995081012225772
874,1,gill,1,gill,True,1.7068261025165332e-09,0.9999992709705471,6.848450977772169e-07,4.2477529225144504e-08,0.9999992709705471
875,1,gill,1,gill,True,0.0008565000413164854,0.9986574182481802,0.00032029820697138545,0.00016578350353180582,0.9986574182481802
876,1,gill,1,gill,True,1.2636708233272874e-12,0.9999992941050251,5.88896266700697e-07,1.1699744435875668e-07,0.9999992941050251
877,1,gill,1,gill,True,5.843282629822294e-08,0.9999424355463752,4.7850523549072135e-05,9.655497249456168e-06,0.9999424355463752
878,1,gill,1,gill,True,1.821179254484086e-14,0.999999863571371,3.6318409973408426e-08,1.0011020082104436e-07,0.999999863571371
879,1,gill,1,gill,True,6.985777045708089e-13,0.999999617717993,2.8166231944111156e-07,1.0061898895767631e-07,0.999999617717993
880,1,gill,1,gill,True,5.212383252549205e-10,0.999994429175065,4.475613030981798e-06,1.094690665671136e-06,0.999994429175065
881,1,gill,1,gill,True,3.043661365987435e-10,0.9999756775771338,3.0928417772020077e-06,2.1229276723032475e-05,0.9999756775771338
882,1,gill,1,gill,True,1.1476590177743277e-10,0.9999867675792253,3.3428262897118114e-07,1.2898023379853706e-05,0.9999867675792253
883,1,gill,1,gill,True,1.6005692565918167e-09,0.99999576605173,3.9377022736255835e-06,2.9464542689496865e-07,0.99999576605173
884,1,gill,1,gill,True,7.258667049265594e-09,0.9999798423646421,1.0108246234184525e-05,1.0042130456674836e-05,0.9999798423646421
885,1,gill,1,gill,True,1.4288153345823412e-13,0.9999994773094754,3.3428268731443264e-08,4.89262112905768e-07,0.9999994773094754
886,1,gill,1,gill,True,5.106691482952682e-14,0.9999997596195485,1.3534549062100507e-07,1.0503490966664014e-07,0.9999997596195485
887,1,gill,1,gill,True,0.0021786429829075563,0.9976035642507645,4.7026284921260176e-05,0.00017076648140691364,0.9976035642507645
888,1,gill,1,gill,True,0.0009801292703277519,0.9988299349528799,1.9624153211092173e-06,0.00018797336147118195,0.9988299349528799
889,1,gill,1,gill,True,1.7140774635338693e-14,0.9999998667528259,3.3345753853641555e-08,9.990140300972634e-08,0.9999998667528259
890,1,gill,1,gill,True,6.1071000949380135e-12,0.99999987895115,3.333580230490875e-08,8.770694075574802e-08,0.99999987895115
891,1,gill,1,gill,True,2.864613521529624e-11,0.9999949121118243,3.813959695989139e-06,1.2738998334612657e-06,0.9999949121118243
892,1,gill,1,gill,True,1.8414234920474154e-14,0.9999998371866089,6.000640332836138e-08,1.028069692835373e-07,0.9999998371866089
893,1,gill,1,gill,True,2.9306293198471593e-14,0.9999998828611348,3.583382999748263e-08,8.130500586470521e-08,0.9999998828611348
894,1,gill,1,gill,True,7.1519339978513e-14,0.9999998660775944,3.429163587580006e-08,9.963069808631491e-08,0.9999998660775944
895,1,gill,1,gill,True,3.6056561618196126e-10,0.9999744240942865,4.119931496347658e-06,2.1455613651537686e-05,0.9999744240942865
896,1,gill,1,gill,True,0.000796947188707195,0.9975737178217421,0.001278051581811596,0.0003512834077393775,0.9975737178217421
897,1,gill,1,gill,True,3.241920276826198e-07,0.9999067970043118,2.1867258340973094e-05,7.10115453196875e-05,0.9999067970043118
898,1,gill,1,gill,True,1.664703799236389e-14,0.999999866638498,3.3367112271531406e-08,9.999437307441684e-08,0.999999866638498
899,1,gill,1,gill,True,2.6323970085783047e-09,0.9999530350238621,3.978053382377969e-06,4.2984290358423523e-05,0.9999530350238621
900,1,gill,1,gill,True,2.9635568297771052e-09,0.9999325233740449,4.593539796545011e-06,6.288012260177482e-05,0.9999325233740449
901,1,gill,1,gill,True,0.0008876759817128312,0.9985729322543812,0.00030613950023620525,0.00023325226366990647,0.9985729322543812
902,1,gill,1,gill,True,3.07977242082364e-14,0.9999998233115521,7.385975169463655e-08,1.0282866537040803e-07,0.9999998233115521
903,1,gill,1,gill,True,2.0251871766932808e-11,0.9999937207344168,3.425528348178924e-06,2.85371698305551e-06,0.9999937207344168
904,1,gill,1,gill,True,2.24581027282038e-07,0.9998089567059789,0.00015508795333789367,3.573075965598866e-05,0.9998089567059789
905,1,gill,1,gill,True,0.0013309550439982495,0.9986625694651865,2.2105982835212716e-06,4.2648925318821625e-06,0.9986625694651865
906,1,gill,1,gill,True,0.0022196611282537986,0.9975927990801831,0.00016431691188672937,2.322287967635125e-05,0.9975927990801831
907,1,gill,1,gill,True,0.0015207649798604885,0.9983983408567175,6.11810816965879e-05,1.97130817253465e-05,0.9983983408567175
908,1,gill,1,gill,True,9.621000331119073e-07,0.9996700164369617,0.00022959051565391776,9.943094735124723e-05,0.9996700164369617
909,1,gill,1,gill,True,1.027202048645279e-08,0.9999833856143812,1.143741806371866e-05,5.166695534575256e-06,0.9999833856143812
910,1,gill,1,gill,True,3.6910449816994264e-11,0.9999996930024152,2.00509323862491e-07,1.0645135035843219e-07,0.9999996930024152
911,1,gill,1,gill,True,7.190026313423835e-08,0.9998113036173357,0.00016350399576026955,2.5120486640915282e-05,0.9998113036173357
912,1,gill,1,gill,True,0.000785648508028549,0.9982027258784077,0.000722719406338142,0.000288906207225635,0.9982027258784077
913,1,gill,1,gill,True,2.6149508248206086e-08,0.9998525792533991,0.00011503002086112349,3.236457623159201e-05,0.9998525792533991
914,1,gill,1,gill,True,3.932210355922233e-14,0.9999998511795112,6.809131352057198e-08,8.072913610410748e-08,0.9999998511795112
915,1,gill,1,gill,True,3.0469069065422204e-10,0.9999864792043912,3.349784395887686e-06,1.0170706522242955e-05,0.9999864792043912
916,1,gill,1,gill,True,7.061240160950952e-12,0.9999988066834208,9.229545371052712e-07,2.703549807710474e-07,0.9999988066834208
917,1,gill,1,gill,True,1.3943775551111462e-08,0.9999567610789717,3.457575459687758e-05,8.649222655920278e-06,0.9999567610789717
918,1,gill,1,gill,True,1.5436963616031716e-14,0.9999998487215234,5.056465999522059e-08,1.007138011842648e-07,0.9999998487215234
919,1,gill,1,gill,True,1.8116583228995847e-14,0.9999998628505388,3.714960965715121e-08,9.999983363013295e-08,0.9999998628505388
920,1,gill,1,gill,True,4.997556321710739e-07,0.9999333451937475,5.9180309086127744e-05,6.97474153410422e-06,0.9999333451937475
921,1,gill,1,gill,True,2.6566095049438424e-07,0.9997455438429884,0.0002210296401124115,3.316085594880838e-05,0.9997455438429884
922,1,gill,1,gill,True,0.0016615767931937892,0.9979123886457977,6.120760689957873e-06,0.00041991380031862653,0.9979123886457977
923,1,gill,1,gill,True,0.001582535905721611,0.9980768847326894,8.296327145154045e-06,0.00033228303444412036,0.9980768847326894
924,1,gill,1,gill,True,1.7526965824563052e-14,0.9999998658518977,3.4208430342943685e-08,9.993965471810534e-08,0.9999998658518977
925,1,gill,1,gill,True,2.572540420146637e-14,0.9999998764267121,3.465710134346141e-08,8.891616070359619e-08,0.9999998764267121
926,1,gill,1,gill,True,2.363820085323678e-11,0.9999933904096034,5.376116819062492e-07,6.071955076533069e-06,0.9999933904096034
927,1,gill,1,gill,True,6.060690068618231e-07,0.9999244064201779,3.298575816015332e-05,4.200175265516008e-05,0.9999244064201779
928,1,gill,1,gill,True,1.0519256548608045e-07,0.9999334479896886,4.7680211365428473e-05,1.8766606380355978e-05,0.9999334479896886
929,1,gill,1,gill,True,1.7591070763725495e-13,0.9999996999427534,1.9980479834394227e-07,1.0025227227059822e-07,0.9999996999427534
930,1,gill,1,gill,True,0.001964491461986399,0.99623988339843,0.0015516997888790113,0.00024392535070456875,0.99623988339843
931,1,gill,1,gill,True,9.446052936353575e-09,0.9999986474916048,8.061765548499139e-08,1.2624446867348598e-06,0.9999986474916048
932,1,gill,1,gill,True,2.112647283255308e-08,0.9998143805251508,3.948694799396695e-05,0.00014611140038240438,0.9998143805251508
933,1,gill,1,gill,True,6.545967561710238e-07,0.999703775864085,0.00019488809387487353,0.00010068144528404804,0.999703775864085
934,1,gill,1,gill,True,3.663815024322001e-13,0.9999998648924118,6.139623803048671e-08,7.37109836836624e-08,0.9999998648924118
935,1,gill,1,gill,True,1.0895553998211862e-06,0.9993312569526187,0.00047093499967691883,0.00019671849230466456,0.9993312569526187
936,1,gill,1,gill,True,1.0003642825564089e-13,0.999999716623644,8.78003638634758e-08,1.9557589194048104e-07,0.999999716623644
937,1,gill,1,gill,True,0.0009691964127792785,0.9974721682250106,0.0011006492371301684,0.00045798612507978124,0.9974721682250106
938,1,gill,1,gill,True,1.7703537237960952e-08,0.9999044729829473,9.69290186381419e-06,8.581641165171623e-05,0.9999044729829473
939,1,gill,1,gill,True,4.6548791252233287e-14,0.9999998303754463,8.546976996632911e-08,8.415473721582818e-08,0.9999998303754463
940,1,gill,1,gill,True,2.5151679287430602e-12,0.9999989727001806,8.446662025558075e-07,1.8263110164303998e-07,0.9999989727001806
941,1,gill,1,gill,True,1.0353075429673467e-06,0.9991016025287879,0.0006941584958443638,0.00020320366782485274,0.9991016025287879
942,1,gill,1,gill,True,2.58630918534085e-11,0.9999998287564121,1.1121547491164786e-07,6.000225006057754e-08,0.9999998287564121
943,1,gill,1,gill,True,0.0010836775928274739,0.9974188698072415,0.0013600710638849546,0.00013738153604617344,0.9974188698072415
944,1,gill,1,gill,True,3.286971972291707e-11,0.9999979094847475,1.7882178635211643e-06,3.022645193542169e-07,0.9999979094847475
945,1,gill,1,gill,True,3.2728308379933935e-11,0.9999990642121187,7.214741793173566e-07,2.1428097370362357e-07,0.9999990642121187
946,1,gill,1,gill,True,1.7068261025165332e-09,0.9999992709705471,6.848450977772169e-07,4.2477529225144504e-08,0.9999992709705471
947,1,gill,1,gill,True,7.992131417194882e-13,0.999999812826939,1.4177969125030695e-07,4.5392570545884746e-08,0.999999812826939
948,1,gill,1,gill,True,0.0022272711370250322,0.9971447899767635,0.0005041030493242418,0.0001238358368871252,0.9971447899767635
949,1,gill,1,gill,True,3.8247322629145e-07,0.9999916706077695,5.2240233185178755e-06,2.7228956857140442e-06,0.9999916706077695
950,1,gill,1,gill,True,0.0010249093756661374,0.9972056867196268,0.0015733537337525143,0.00019605017095440772,0.9972056867196268
951,1,gill,1,gill,True,1.8718723094117693e-08,0.9999516600689133,3.8213889277436365e-05,1.0107323085983626e-05,0.9999516600689133
952,1,gill,1,gill,True,1.498833972960124e-10,0.9999926123605989,7.0620798706714106e-06,3.254096469975353e-07,0.9999926123605989
953,1,gill,1,gill,True,3.915039239024461e-11,0.9999949990659228,4.552782288480273e-06,4.481126380694776e-07,0.9999949990659228
954,1,gill,1,gill,True,1.4088626639895035e-08,0.999843176264975,2.8467080404335053e-06,0.00015396293835806687,0.999843176264975
955,1,gill,1,gill,True,0.0006689146301663532,0.9989166803221063,0.00031236024611153623,0.00010204480161584638,0.9989166803221063
956,1,gill,1,gill,True,1.3943775551111462e-08,0.9999567610789717,3.457575459687758e-05,8.649222655920278e-06,0.9999567610789717
957,1,gill,1,gill,True,1.179964406952574e-07,0.9998422725739537,0.00011249436814373457,4.511506146183734e-05,0.9998422725739537
958,1,gill,1,gill,True,3.771758326526884e-11,0.9999920083631261,7.943416218213974e-06,4.8182938115906766e-08,0.9999920083631261
959,1,gill,1,gill,True,0.0011612087648868554,0.9984811401114151,0.00015700651789934126,0.00020064460579859167,0.9984811401114151
960,1,gill,1,gill,True,7.184248028872898e-09,0.9998853822893241,2.0395582227998727e-05,9.421494419992172e-05,0.9998853822893241
961,1,gill,1,gill,True,6.427393937923824e-09,0.9999761390696152,2.068909781329527e-05,3.1654051774837243e-06,0.9999761390696152
962,1,gill,1,gill,True,7.317420568287072e-08,0.9999775407094842,1.3178843513137661e-05,9.20727279716196e-06,0.9999775407094842
963,1,gill,1,gill,True,1.6006503875098344e-12,0.9999998335466074,6.644889496993771e-08,1.0000289701859414e-07,0.9999998335466074
964,1,gill,1,gill,True,4.094955153813689e-07,0.999991049606361,5.642332344960233e-06,2.898565778580383e-06,0.999991049606361
965,1,gill,1,gill,True,0.001269155191943617,0.9971139980870034,0.001082466410760715,0.0005343803102923557,0.9971139980870034
966,1,gill,1,gill,True,8.190628818536272e-11,0.999990011285267,9.840049162053522e-06,1.4858366468072364e-07,0.999990011285267
967,1,gill,1,gill,True,1.9571219237781635e-06,0.9982712919873835,0.001675159438874961,5.159145181784038e-05,0.9982712919873835
968,1,gill,1,gill,True,1.940335319628989e-11,0.9999980445543064,1.5369718373923337e-06,4.1845445271724653e-07,0.9999980445543064
969,1,gill,1,gill,True,0.0022188120739553177,0.9977337207033964,1.309148500133213e-05,3.437573764719457e-05,0.9977337207033964
970,1,gill,1,gill,True,5.015670992130142e-13,0.9999997657986412,1.7460248332349567e-07,5.959837388658272e-08,0.9999997657986412
971,1,gill,1,gill,True,5.897826652691549e-08,0.9997956744196038,5.067719461611145e-05,0.0001535894075137343,0.9997956744196038
972,1,gill,1,gill,True,1.6876217402926047e-09,0.9999946488456402,4.627975845394691e-06,7.214908927774865e-07,0.9999946488456402
973,1,gill,1,gill,True,1.0167409078306205e-08,0.9999969996395105,2.483606376009588e-07,2.7418324427292694e-06,0.9999969996395105
974,1,gill,1,gill,True,7.317420568287072e-08,0.9999775407094842,1.3178843513137661e-05,9.20727279716196e-06,0.9999775407094842
975,1,gill,1,gill,True,4.653417463570361e-08,0.9998553167824347,0.000114107279313324,3.0529404077426256e-05,0.9998553167824347
976,1,gill,1,gill,True,0.0008650501105344774,0.9976338890890694,0.001341548143963421,0.00015951265643271328,0.9976338890890694
977,1,gill,1,gill,True,2.0152080865456996e-09,0.999969200843318,1.3282348991752038e-05,1.7514792482117247e-05,0.999969200843318
978,1,gill,1,gill,True,9.082447042955775e-10,0.9999906280757247,3.4804921707310967e-06,5.890523860096725e-06,0.9999906280757247
979,1,gill,1,gill,True,1.464665129737996e-12,0.9999998767854771,3.400207139375565e-08,8.921098689680225e-08,0.9999998767854771
980,1,gill,1,gill,True,5.3399673189794236e-08,0.9999837752917322,1.5978388335174173e-05,1.9292025931213995e-07,0.9999837752917322
981,1,gill,1,gill,True,0.006037551581331444,0.9881015833868128,0.005296509573646976,0.000564355458208705,0.9881015833868128
982,1,gill,1,gill,True,1.7130101587395794e-14,0.9999998667648603,3.333334220794792e-08,9.990178043958166e-08,0.9999998667648603
983,1,gill,1,gill,True,0.0014221679806742382,0.9981375015423164,5.230673620327176e-05,0.00038802374080601227,0.9981375015423164
984,1,gill,1,gill,True,5.787331075169225e-12,0.9999973550221731,2.1987079731835403e-07,2.425101242116673e-06,0.9999973550221731
985,1,gill,1,gill,True,0.0010161059498925758,0.9982383898382005,0.0005194797191331826,0.00022602449277388562,0.9982383898382005
986,1,gill,1,gill,True,0.0019371065169862052,0.9966673451307412,0.0007986682357033837,0.0005968801165695256,0.9966673451307412
987,1,gill,1,gill,True,5.3927181898307e-12,0.9999999063278863,3.336642148090501e-08,6.030029956409508e-08,0.9999999063278863
988,1,gill,1,gill,True,0.0017698258744991008,0.9968613600704829,0.0008825240486501485,0.000486290006367655,0.9968613600704829
989,1,gill,1,gill,True,0.0011780963677677496,0.9973016858207365,0.0010233354539522835,0.0004968823575431388,0.9973016858207365
990,1,gill,1,gill,True,2.451620836972221e-10,0.9999912007908319,6.319466645940331e-06,2.479497360140055e-06,0.9999912007908319
991,1,gill,1,gill,True,3.578785111480498e-08,0.9998572043872959,0.00011288668001481051,2.9873144838345687e-05,0.9998572043872959
992,1,gill,1,gill,True,0.0011422909116856387,0.9981927334914791,0.0004937700513279891,0.00017120554550748368,0.9981927334914791
993,1,gill,1,gill,True,0.0006055241207859174,0.9977818362036963,0.0011930528370278617,0.0004195868384894826,0.9977818362036963
994,1,gill,1,gill,True,5.881232443656034e-13,0.9999991093680283,6.680409199392296e-07,2.2259046359791547e-07,0.9999991093680283
995,1,gill,1,gill,True,2.124144087789777e-08,0.9999453392881541,3.759142699308015e-05,1.7048043411772153e-05,0.9999453392881541
996,1,gill,1,gill,True,1.2000177245185358e-07,0.9999864194081907,8.362016728129965e-06,5.0985733087126714e-06,0.9999864194081907
997,1,gill,1,gill,True,1.6475371355107794e-14,0.9999998666563555,3.3343566929441945e-08,1.0000006099039101e-07,0.9999998666563555
998,1,gill,1,gill,True,2.0367391834263176e-09,0.9999554486248584,5.51241054721548e-07,4.3998097347837014e-05,0.9999554486248584
999,1,gill,1,gill,True,2.039567191953825e-09,0.9999927944267931,5.878950077436942e-06,1.3245835621730483e-06,0.9999927944267931
1000,1,gill,1,gill,True,1.4829075552296808e-10,0.999983319866829,1.213355298781506e-06,1.54666295813952e-05,0.999983319866829
1001,1,gill,1,gill,True,1.9241265537193283e-06,0.9994673801470506,0.0004941026962098056,3.659303018592481e-05,0.9994673801470506
1002,1,gill,1,gill,True,3.2810883284549735e-10,0.9999917311576271,4.908313957247916e-06,3.360200306808073e-06,0.9999917311576271
1003,1,gill,1,gill,True,1.9883591601129115e-08,0.999909368813098,8.813481226911686e-05,2.4764910412538413e-06,0.999909368813098
1004,1,gill,1,gill,True,1.2709956251220805e-12,0.9999996828597114,2.81068415124677e-07,3.607060237522039e-08,0.9999996828597114
1005,1,gill,1,gill,True,1.601545753807286e-06,0.9992819956172928,0.000636667656091549,7.973518086176134e-05,0.9992819956172928
1006,1,gill,1,gill,True,0.002205132848058703,0.9971174825542523,0.0004746732743160034,0.00020271132337318644,0.9971174825542523
1007,1,gill,1,gill,True,0.0018932406836335099,0.9976059138529954,2.4077358540462768e-05,0.0004767681048306002,0.9976059138529954
1008,1,gill,1,gill,True,0.0022078383413587778,0.9973694183985312,0.0003013355230474796,0.00012140773706258487,0.9973694183985312
1009,1,gill,1,gill,True,0.0014720775172517096,0.9969423862984812,0.0015025923000230848,8.294388424405369e-05,0.9969423862984812
1010,1,gill,1,gill,True,0.0019894144566709035,0.9963465656863068,0.0010901046681849132,0.0005739151888373091,0.9963465656863068
1011,1,gill,1,gill,True,1.87594689976637e-06,0.998619710508261,0.001338898350051306,3.951519478793566e-05,0.998619710508261
1012,1,gill,1,gill,True,0.0014720775172517096,0.9969423862984812,0.0015025923000230848,8.294388424405369e-05,0.9969423862984812
1013,2,healthy,2,healthy,True,4.365236471580467e-06,1.9907945541577082e-06,0.9991008848127224,0.0008927591562518652,0.9991008848127224
1014,2,healthy,2,healthy,True,2.9250446131493448e-08,1.0875060350920043e-08,0.9999236403906975,7.631948379606588e-05,0.9999236403906975
1015,2,healthy,2,healthy,True,5.977338424371346e-08,2.178188366357402e-08,0.999888291902225,0.00011162654250720452,0.999888291902225
1016,2,healthy,2,healthy,True,2.4100758395381567e-07,9.692057130057334e-08,0.9998223591448795,0.00017730292696529497,0.9998223591448795
1017,2,healthy,2,healthy,True,4.4449286929860453e-07,1.654924908778377e-07,0.9997123655667977,0.0002870244478421157,0.9997123655667977
1018,2,healthy,2,healthy,True,2.3202779757436997e-07,1.1010372951674805e-07,0.9997813982211571,0.00021825964731579932,0.9997813982211571
1019,2,healthy,2,healthy,True,4.570067125484534e-07,5.245326024946472e-07,0.9999774919196132,2.1526541071788438e-05,0.9999774919196132
1020,2,healthy,2,healthy,True,1.978131492279588e-07,6.976288405689686e-08,0.9998176742836602,0.00018205814030637668,0.9998176742836602
1021,2,healthy,2,healthy,True,0.0006383280201695201,0.00076618619910543,0.996584494420313,0.002010991360411847,0.996584494420313
1022,2,healthy,2,healthy,True,0.004985375688507114,0.09627689759248222,0.8875491199927783,0.011188606726232491,0.8875491199927783
1023,2,healthy,2,healthy,True,1.662358860426963e-07,6.122392373172483e-08,0.9998226373939051,0.00017713514628503143,0.9998226373939051
1024,2,healthy,2,healthy,True,1.2782207705529207e-07,9.29171549211869e-08,0.9999401340262184,5.964523454961166e-05,0.9999401340262184
1025,2,healthy,2,healthy,True,2.1616483594211143e-10,7.60919500690044e-11,0.9999916947942136,8.304913529766899e-06,0.9999916947942136
1026,2,healthy,2,healthy,True,5.191727377267861e-10,4.921900258069714e-10,0.999994651132878,5.347855759177641e-06,0.999994651132878
1027,2,healthy,2,healthy,True,2.0532925163559446e-05,0.0021543255898131865,0.9977065667408858,0.00011857474413757695,0.9977065667408858
1028,2,healthy,2,healthy,True,2.588045880941058e-07,3.991674753962838e-07,0.9998298319280224,0.00016951009991409593,0.9998298319280224
1029,2,healthy,2,healthy,True,2.207388604460329e-09,2.67996716618325e-09,0.9999998760546639,1.1905798040082283e-07,0.9999998760546639
1030,2,healthy,2,healthy,True,2.0264006377138945e-06,7.184091826107729e-07,0.9992942189217903,0.0007030362683894842,0.9992942189217903
1031,2,healthy,2,healthy,True,6.050097628755506e-09,3.3204387725807144e-09,0.9999897349885899,1.0255640873725342e-05,0.9999897349885899
1032,2,healthy,2,healthy,True,1.9890085047091988e-07,9.469058088974471e-08,0.9997704257989412,0.00022928060962750958,0.9997704257989412
1033,2,healthy,2,healthy,True,4.071492435258664e-09,2.3589484965689553e-09,0.9999881533863082,1.1840183250773663e-05,0.9999881533863082
1034,2,healthy,2,healthy,True,3.6589022644172024e-09,1.415911991597889e-09,0.9999814073852147,1.8587539971142618e-05,0.9999814073852147
1035,2,healthy,2,healthy,True,2.2452629185706658e-09,8.095151136875385e-10,0.9999794608421186,2.05361031032581e-05,0.9999794608421186
1036,2,healthy,2,healthy,True,1.790036426654659e-11,6.628300035851758e-12,0.9999992254819055,7.744935658273679e-07,0.9999992254819055
1037,2,healthy,2,healthy,True,1.8924305518271046e-06,8.799449797129942e-07,0.9994888577572597,0.0005083698672087097,0.9994888577572597
1038,2,healthy,2,healthy,True,0.0001771970048537754,0.004256162368586164,0.9808555264656079,0.014711114160952358,0.9808555264656079
1039,2,healthy,2,healthy,True,6.899575192986016e-07,3.4571821624418566e-07,0.9998385886476665,0.0001603756765979487,0.9998385886476665
1040,2,healthy,2,healthy,True,1.0152655080480718e-10,1.4481248351514573e-10,0.9999999600316813,3.972197964089232e-08,0.9999999600316813
1041,2,healthy,2,healthy,True,0.0021831679886653273,0.29234253122589104,0.6631681844210957,0.04230611636434804,0.6631681844210957
1042,2,healthy,2,healthy,True,0.0001695144538680224,0.0011601284963132777,0.9975201815242563,0.0011501755255624699,0.9975201815242563
1043,2,healthy,2,healthy,True,2.8646617219448796e-09,3.6258474540926166e-09,0.9999739358415539,2.605766793694166e-05,0.9999739358415539
1044,2,healthy,2,healthy,True,7.25333504568332e-09,2.4532282319404305e-09,0.9999571977716218,4.279252181479176e-05,0.9999571977716218
1045,2,healthy,2,healthy,True,0.022013594481279573,0.0005286597978836827,0.9188628160305133,0.05859492969032327,0.9188628160305133
1046,2,healthy,2,healthy,True,0.001521280246231164,0.0070526059087987055,0.9885870331361104,0.0028390807088596805,0.9885870331361104
1047,2,healthy,2,healthy,True,2.3273373413814497e-05,0.005596661900479689,0.9941526151065474,0.000227449619558939,0.9941526151065474
1048,2,healthy,2,healthy,True,3.0194776883570265e-06,1.2221371544688063e-06,0.99875411982325,0.0012416385619071911,0.99875411982325
1049,2,healthy,2,healthy,True,1.882723581664333e-08,7.974114038632462e-09,0.9998941302515301,0.0001058429471200815,0.9998941302515301
1050,2,healthy,2,healthy,True,1.2692317458760838e-07,4.5374254993709786e-08,0.9998318308840474,0.00016799681852319197,0.9998318308840474
1051,2,healthy,2,healthy,True,4.0728210527967754e-11,1.5933564665436878e-11,0.9999978859206213,2.114022716860812e-06,0.9999978859206213
1052,2,healthy,2,healthy,True,0.0015369063710487785,0.0038125090779984766,0.9918998231023859,0.002750761448566887,0.9918998231023859
1053,2,healthy,2,healthy,True,9.76494252629385e-06,3.659355427701317e-06,0.9981787645103126,0.0018078111917334634,0.9981787645103126
1054,2,healthy,2,healthy,True,6.034361688337541e-07,3.00660496450298e-07,0.9999054887299457,9.360717338897557e-05,0.9999054887299457
1055,2,healthy,2,healthy,True,0.0018000463275030523,0.0004893586264167373,0.993294426648583,0.004416168397497405,0.993294426648583
1056,2,healthy,2,healthy,True,5.882019198616063e-09,7.373523434107991e-09,0.9999465650579921,5.342168646518167e-05,0.9999465650579921
1057,2,healthy,2,healthy,True,3.6657387315967958e-09,1.366336396421237e-09,0.9999757022062713,2.4292761653478125e-05,0.9999757022062713
1058,2,healthy,2,healthy,True,8.548597162181151e-07,3.0370156511687203e-07,0.9995690896383538,0.0004297518003647261,0.9995690896383538
1059,2,healthy,2,healthy,True,1.8885862941034973e-10,6.500880685420529e-11,0.9999960138945961,3.985851536420509e-06,0.9999960138945961
1060,2,healthy,2,healthy,True,0.060867247214976744,0.00460829407434914,0.9240916274841972,0.010432831226477063,0.9240916274841972
1061,2,healthy,2,healthy,True,1.4536229028487044e-08,8.392822410759728e-09,0.9999843454921218,1.563157882678574e-05,0.9999843454921218
1062,2,healthy,2,healthy,True,0.06961102431347234,0.08605939608925321,0.7796199401420659,0.06470963945520833,0.7796199401420659
1063,2,healthy,2,healthy,True,7.336423964311201e-07,3.333148574758946e-07,0.9996781037833429,0.00032082925940323453,0.9996781037833429
1064,2,healthy,2,healthy,True,1.142899433442143e-11,4.095561060871636e-12,0.9999985632803761,1.4367040994110216e-06,0.9999985632803761
1065,2,healthy,2,healthy,True,0.002138283949802009,6.694549576758491e-05,0.9956418970332445,0.0021528735211856906,0.9956418970332445
1066,2,healthy,2,healthy,True,1.80771864553329e-09,9.703670432137862e-10,0.9999961436946704,3.853527244012066e-06,0.9999961436946704
1067,2,healthy,2,healthy,True,0.0007112561425113529,0.0020928107503057954,0.9943177884859857,0.002878144621197221,0.9943177884859857
1068,2,healthy,2,healthy,True,2.2723883480106002e-07,1.039426432406885e-07,0.9998095198745099,0.00019014894401209772,0.9998095198745099
1069,2,healthy,2,healthy,True,3.214955069152028e-12,1.0981877296631165e-12,0.9999991357782206,8.642174663387541e-07,0.9999991357782206
1070,2,healthy,2,healthy,True,5.980836977774049e-12,3.687863370393104e-12,0.9999999597528875,4.02374436998925e-08,0.9999999597528875
1071,2,healthy,2,healthy,True,7.318532593226581e-11,5.4232685129896846e-11,0.9999996467957857,3.530767962272754e-07,0.9999996467957857
1072,2,healthy,2,healthy,True,0.0005855426158350087,0.00390816656757644,0.9949580408070029,0.0005482500095857111,0.9949580408070029
1073,2,healthy,2,healthy,True,0.001303863851991505,0.0013414983401389088,0.9942742467153372,0.0030803910925326027,0.9942742467153372
1074,2,healthy,2,healthy,True,2.792434546313339e-07,1.440173880104631e-07,0.9998209390555516,0.00017863768360589354,0.9998209390555516
1075,2,healthy,2,healthy,True,0.0001339396195289148,0.0006051851942933066,0.9988565789056967,0.00040429628048108384,0.9988565789056967
1076,2,healthy,2,healthy,True,9.846596907102411e-07,4.158143310100752e-07,0.9995841741473952,0.00041442537858305814,0.9995841741473952
1077,2,healthy,2,healthy,True,2.7028043229941608e-08,1.3343236114431435e-08,0.9999698016999848,3.0157928735757376e-05,0.9999698016999848
1078,2,healthy,2,healthy,True,1.2280888875349442e-08,4.673720815501999e-09,0.9999614318014086,3.8551243981756846e-05,0.9999614318014086
1079,2,healthy,2,healthy,True,3.9255318062966043e-10,1.693340178479626e-10,0.9999933021142964,6.69732381623974e-06,0.9999933021142964
1080,2,healthy,2,healthy,True,1.2097703397459651e-06,4.7173286047363716e-07,0.9994516545205683,0.0005466639762314432,0.9994516545205683
1081,2,healthy,2,healthy,True,2.268032487776816e-06,8.848436097808057e-07,0.9993147751597772,0.0006820719641254438,0.9993147751597772
1082,2,healthy,2,healthy,True,0.0006215264684735791,0.0003955932670861084,0.9728469463575847,0.02613593390685571,0.9728469463575847
1083,2,healthy,2,healthy,True,2.0232364892823623e-10,1.2501736678151005e-10,0.9999934383167858,6.561355873364678e-06,0.9999934383167858
1084,2,healthy,2,healthy,True,0.015321025369577327,0.0063000370251421875,0.9632477617253564,0.015131175879923936,0.9632477617253564
1085,2,healthy,2,healthy,True,1.1257788705074784e-11,3.968869072524795e-12,0.9999985194735093,1.4805112640878577e-06,0.9999985194735093
1086,2,healthy,2,healthy,True,6.442957621593637e-10,1.0100491003014403e-09,0.9999990844759763,9.138696787896436e-07,0.9999990844759763
1087,2,healthy,2,healthy,True,0.006074565771921328,0.007033634210355901,0.9732741122754381,0.01361768774228426,0.9732741122754381
1088,2,healthy,2,healthy,True,7.94021931844998e-08,8.303507278655649e-08,0.999991573520415,8.264042319006058e-06,0.999991573520415
1089,2,healthy,2,healthy,True,3.878482586974503e-08,3.0963504994434077e-08,0.9999151512692166,8.477898245256588e-05,0.9999151512692166
1090,2,healthy,2,healthy,True,1.719525660249509e-10,8.103849668225398e-11,0.9999990807889153,9.189580934909506e-07,0.9999990807889153
1091,2,healthy,2,healthy,True,0.003619523748496482,0.00805035033641435,0.9742338987878105,0.014096227127278857,0.9742338987878105
1092,2,healthy,2,healthy,True,2.831922004953707e-09,1.0251175523186517e-09,0.9999779061338447,2.2090009115659132e-05,0.9999779061338447
1093,2,healthy,2,healthy,True,5.585809405493134e-07,2.707839488718574e-07,0.9996580280733984,0.0003411425617122042,0.9996580280733984
1094,2,healthy,2,healthy,True,5.889001394905761e-09,2.5204963678927163e-09,0.999981413348098,1.8578242404156332e-05,0.999981413348098
1095,2,healthy,2,healthy,True,7.500689901068698e-09,3.701595451096317e-09,0.9999828429063774,1.7145891337193994e-05,0.9999828429063774
1096,2,healthy,2,healthy,True,1.1792499318496272e-08,5.32823629894207e-09,0.9999727574020513,2.722547721313045e-05,0.9999727574020513
1097,2,healthy,2,healthy,True,1.35453972380094e-09,4.876789829208973e-10,0.9999894821412235,1.0516016557795532e-05,0.9999894821412235
1098,2,healthy,2,healthy,True,2.6957518261562898e-12,1.2733997500987754e-12,0.9999998693634445,1.3063258639703797e-07,0.9999998693634445
1099,2,healthy,2,healthy,True,2.953978686845288e-06,1.0917481732661166e-06,0.9989324105261238,0.001063543747015936,0.9989324105261238
1100,2,healthy,2,healthy,True,1.1204183221061869e-07,5.0577404171395807e-08,0.9998810396520955,0.00011879772866824085,0.9998810396520955
1101,2,healthy,2,healthy,True,0.004787692816830291,0.00011570180631669804,0.9949721682908826,0.000124437085970401,0.9949721682908826
1102,2,healthy,2,healthy,True,0.002800081808882004,2.231904708683489e-05,0.9970193089292338,0.0001582902147971387,0.9970193089292338
1103,2,healthy,2,healthy,True,6.2140358582276e-08,2.3920390845141467e-08,0.9999247417782741,7.517216097637835e-05,0.9999247417782741
1104,2,healthy,2,healthy,True,5.636245249668983e-09,2.2481298925190097e-09,0.9999842689974,1.572311822483334e-05,0.9999842689974
1105,2,healthy,2,healthy,True,0.030439308014695566,0.0007330009036921285,0.9652963846934329,0.003531306388179449,0.9652963846934329
1106,2,healthy,2,healthy,True,0.0860902830711212,0.00105104661822066,0.9102118668356174,0.0026468034750407377,0.9102118668356174
1107,2,healthy,2,healthy,True,0.001342099098435297,0.0013402352483045787,0.9941454227025699,0.003172242950690251,0.9941454227025699
1108,2,healthy,2,healthy,True,6.259977983105037e-14,2.692035339646637e-14,0.9999999505720325,4.9427878037265994e-08,0.9999999505720325
1109,2,healthy,2,healthy,True,1.2080206652317137e-09,6.571720666426886e-10,0.9999996555107611,3.426240462642259e-07,0.9999996555107611
1110,2,healthy,2,healthy,True,1.6772459900157247e-11,7.15071060406232e-12,0.9999998504560246,1.4952005221300312e-07,0.9999998504560246
1111,2,healthy,2,healthy,True,1.2019368953080462e-09,4.710378575064969e-10,0.9999894231113292,1.057521569607229e-05,0.9999894231113292
1112,2,healthy,2,healthy,True,1.4953040885571555e-07,8.825334336293728e-08,0.9999885040468923,1.1258169355465937e-05,0.9999885040468923
1113,2,healthy,2,healthy,True,1.3103591331465434e-09,4.789670766166827e-10,0.9999865357679905,1.3462442683404156e-05,0.9999865357679905
1114,2,healthy,2,healthy,True,0.10744253971096558,0.0003115853525854767,0.8907005301701407,0.0015453447663080675,0.8907005301701407
1115,2,healthy,2,healthy,True,0.0038816457782523787,0.004367793653346521,0.9824286204770659,0.009321940091335308,0.9824286204770659
1116,2,healthy,2,healthy,True,2.054975896522694e-07,8.705560701763966e-08,0.9999427660074671,5.694143933613825e-05,0.9999427660074671
1117,2,healthy,2,healthy,True,2.459066142760209e-07,5.037543862125823e-07,0.999680574905323,0.00031867543367661375,0.999680574905323
1118,2,healthy,2,healthy,True,5.747114880170729e-10,2.1634962998513917e-10,0.9999903173529552,9.681855983596713e-06,0.9999903173529552
1119,2,healthy,2,healthy,True,1.4571028550165141e-12,6.090744341893477e-13,0.9999999500630931,4.993484083216613e-08,0.9999999500630931
1120,2,healthy,2,healthy,True,2.781348887451415e-09,1.1076777181472929e-09,0.999989877218947,1.0118892026281447e-05,0.999989877218947
1121,2,healthy,2,healthy,True,0.02959258452114978,1.8873387527010526e-05,0.9701426567254567,0.00024588536586647,0.9701426567254567
1122,2,healthy,2,healthy,True,9.962034115845195e-08,4.71056305639239e-08,0.999855636662017,0.0001442166120111621,0.999855636662017
1123,2,healthy,2,healthy,True,3.588267231528645e-08,1.190714902290913e-08,0.999899471568203,0.00010048064197569855,0.999899471568203
1124,2,healthy,2,healthy,True,3.827005044419377e-09,1.3728137815101768e-09,0.99997161108883,2.8383711350999826e-05,0.99997161108883
1125,2,healthy,2,healthy,True,0.00012966520347754972,0.0014041273232355677,0.9971423895313083,0.0013238179419785842,0.9971423895313083
1126,2,healthy,2,healthy,True,3.9016696219064075e-06,1.3441518582163392e-06,0.9991380591500699,0.0008566950284499882,0.9991380591500699
1127,2,healthy,2,healthy,True,4.6160557404304113e-07,1.591639383675157e-07,0.9996790699535527,0.0003203092769349206,0.9996790699535527
1128,2,healthy,2,healthy,True,0.01391069599802531,0.0016787875381229962,0.9516583650453005,0.0327521514185511,0.9516583650453005
1129,2,healthy,2,healthy,True,8.800158315936955e-07,3.258047682285136e-07,0.99961048946822,0.00038830471118022687,0.99961048946822
1130,2,healthy,2,healthy,True,8.864050774540857e-10,5.025044173174614e-10,0.9999962714733205,3.7271377700090004e-06,0.9999962714733205
1131,2,healthy,2,healthy,True,2.5789849045976564e-06,1.0131600739377413e-06,0.9992309026955403,0.0007655051594812438,0.9992309026955403
1132,2,healthy,2,healthy,True,2.8872649912211994e-08,1.484661465338633e-08,0.9999520208278027,4.793545293263471e-05,0.9999520208278027
1133,2,healthy,2,healthy,True,3.347563040962952e-08,2.118605523470218e-08,0.9999859072956144,1.4038042699811152e-05,0.9999859072956144
1134,2,healthy,2,healthy,True,8.68539673596928e-12,3.4306412391001323e-12,0.9999986366562797,1.3633316042045312e-06,0.9999986366562797
1135,2,healthy,2,healthy,True,6.475407037953218e-08,2.933173129726002e-08,0.9999081685122952,9.173740190295969e-05,0.9999081685122952
1136,2,healthy,2,healthy,True,1.7589344746137646e-06,1.0060275763694117e-06,0.9997137803732221,0.00028345466472690583,0.9997137803732221
1137,2,healthy,2,healthy,True,5.745112752276809e-09,2.4611430659460807e-09,0.9999892021238203,1.0789669923966029e-05,0.9999892021238203
1138,2,healthy,2,healthy,True,0.0002555384206790404,0.0028872509088729245,0.9961497371925712,0.0007074734778767923,0.9961497371925712
1139,2,healthy,2,healthy,True,3.476541616339251e-06,1.1803522762375032e-06,0.9991089223257827,0.000886420780324667,0.9991089223257827
1140,2,healthy,2,healthy,True,6.211835601481632e-08,6.798319609598363e-08,0.9999995241151696,3.4578327833411225e-07,0.9999995241151696
1141,2,healthy,2,healthy,True,2.1823470680476898e-07,1.1058226315583134e-07,0.9999445179099345,5.515327309545102e-05,0.9999445179099345
1142,2,healthy,2,healthy,True,3.158660413597048e-08,1.8981924350059903e-08,0.9999925346542445,7.414777226938048e-06,0.9999925346542445
1143,2,healthy,2,healthy,True,1.6787430218823047e-06,9.931802308436757e-07,0.9997721486138714,0.00022517946287584802,0.9997721486138714
1144,2,healthy,2,healthy,True,0.07865653639994508,0.00029963603059750705,0.9028486067250158,0.018195220844441792,0.9028486067250158
1145,2,healthy,2,healthy,True,0.04120815360026267,0.12942553997442766,0.43479590763796294,0.39457039878734673,0.43479590763796294
1146,2,healthy,2,healthy,True,3.4217090841779216e-09,1.3895097744171547e-09,0.9999738362206213,2.615896815977806e-05,0.9999738362206213
1147,2,healthy,2,healthy,True,4.693449079040041e-09,2.536530300975541e-09,0.9999448700229278,5.5122747092835904e-05,0.9999448700229278
1148,2,healthy,2,healthy,True,6.169611332501954e-09,3.3655501803356647e-09,0.9999953181564549,4.672308383540425e-06,0.9999953181564549
1149,2,healthy,2,healthy,True,3.3120862831193145e-08,1.61726263655534e-08,0.9999630039740609,3.694673244987443e-05,0.9999630039740609
1150,2,healthy,2,healthy,True,1.294229352058239e-06,1.3443900854040717e-06,0.9999348524421932,6.250893836940257e-05,0.9999348524421932
1151,2,healthy,2,healthy,True,1.665429305122574e-07,1.0091041843234458e-07,0.9999624994221216,3.723312452950334e-05,0.9999624994221216
1152,2,healthy,2,healthy,True,6.183270835413799e-07,2.27270383814154e-07,0.9997490637731844,0.0002500906293482534,0.9997490637731844
1153,2,healthy,2,healthy,True,3.401778596289748e-07,2.5415745332428404e-07,0.9998651571851342,0.00013424847955279302,0.9998651571851342
1154,2,healthy,2,healthy,True,1.555220885964228e-06,5.716824807167533e-07,0.9994172293725225,0.0005806437241108247,0.9994172293725225
1155,2,healthy,2,healthy,True,0.002016054043392796,0.00017757210856899266,0.9975650028757864,0.0002413709722519305,0.9975650028757864
1156,2,healthy,2,healthy,True,0.0016234229400986973,0.00021757486493310333,0.9979948956520348,0.00016410654293361998,0.9979948956520348
1157,2,healthy,2,healthy,True,1.0873124690129344e-07,3.781234654618985e-08,0.9998612865871374,0.0001385668692691887,0.9998612865871374
1158,2,healthy,2,healthy,True,8.691877869760395e-09,3.1941296625902133e-09,0.9999581433276987,4.184478629386442e-05,0.9999581433276987
1159,2,healthy,2,healthy,True,1.4814853865418134e-07,5.82593301262214e-08,0.9998407230869583,0.000159070505172896,0.9998407230869583
1160,2,healthy,2,healthy,True,3.5183615838779087e-06,1.317522064805823e-06,0.9990092773685317,0.0009858867478194473,0.9990092773685317
1161,2,healthy,2,healthy,True,2.4568055122961154e-05,8.660576080995575e-06,0.9971963374637857,0.0027704339050105575,0.9971963374637857
1162,2,healthy,2,healthy,True,5.664207558712054e-06,2.9289582179063115e-06,0.9989450433154774,0.0010463635187460674,0.9989450433154774
1163,2,healthy,2,healthy,True,2.747417460663797e-07,1.1381677364834656e-07,0.9997560010682859,0.00024361037319442519,0.9997560010682859
1164,2,healthy,2,healthy,True,7.578060272612174e-13,2.9761711721568993e-13,0.9999996584777873,3.4152115733606653e-07,0.9999996584777873
1165,2,healthy,2,healthy,True,5.64615815132044e-07,2.4424501244140384e-07,0.9994468454943519,0.0005523456448206098,0.9994468454943519
1166,2,healthy,2,healthy,True,1.6557732479308518e-08,2.78492270316885e-08,0.9999458406210905,5.411497194986006e-05,0.9999458406210905
1167,2,healthy,2,healthy,True,7.276538009580997e-07,1.2404814571471186e-06,0.9999970858143373,9.460504046450628e-07,0.9999970858143373
1168,2,healthy,2,healthy,True,9.391461593831185e-10,6.006895387238597e-10,0.9999988698331025,1.128627061887646e-06,0.9999988698331025
1169,2,healthy,2,healthy,True,5.661341383191011e-07,2.2747912932925765e-07,0.9996971000316414,0.0003021063550909996,0.9996971000316414
1170,2,healthy,2,healthy,True,0.0003746772853129105,0.0008613571926361727,0.9971549667248364,0.0016089987972148128,0.9971549667248364
1171,2,healthy,2,healthy,True,2.3033385918524264e-06,8.315621503556477e-07,0.9992980554540142,0.0006988096452436549,0.9992980554540142
1172,2,healthy,2,healthy,True,1.0133512608315386e-05,3.3582247070628717e-06,0.9983171570725654,0.0016693511901191356,0.9983171570725654
1173,2,healthy,2,healthy,True,0.00014590432887535973,0.015857601118238702,0.9815296674602626,0.0024668270926235607,0.9815296674602626
1174,2,healthy,2,healthy,True,1.4674402042246504e-07,3.0891562904342787e-07,0.9999072513510457,9.229298930490605e-05,0.9999072513510457
1175,2,healthy,2,healthy,True,3.030505452503452e-06,2.662342867573424e-06,0.9987614842220516,0.001232822929628217,0.9987614842220516
1176,2,healthy,2,healthy,True,2.0734231558650355e-09,1.0047934915897055e-09,0.9999757750325223,2.4221889260819448e-05,0.9999757750325223
1177,2,healthy,2,healthy,True,2.936985433262659e-07,1.0311528168006193e-07,0.9998038168269565,0.00019578635921858634,0.9998038168269565
1178,2,healthy,2,healthy,True,0.09218717909144755,0.015527935406307841,0.477413994231175,0.4148708912710693,0.477413994231175
1179,2,healthy,2,healthy,True,1.0483797682354507e-06,3.992195565477411e-07,0.9993584889864349,0.0006400634142402543,0.9993584889864349
1180,2,healthy,2,healthy,True,0.0013541733591533767,0.0010732204986176352,0.9938938834078078,0.0036787227344210627,0.9938938834078078
1181,2,healthy,2,healthy,True,1.8446308892205413e-07,6.653171977681642e-08,0.9998340657361239,0.00016568326906740477,0.9998340657361239
1182,2,healthy,2,healthy,True,0.00019423607483178853,0.005885632456064652,0.9825458720136342,0.011374259455469342,0.9825458720136342
1183,2,healthy,2,healthy,True,1.831773175966882e-05,0.0060969381412443605,0.9938609340558752,2.381007112076322e-05,0.9938609340558752
1184,2,healthy,2,healthy,True,3.258113811655197e-05,1.5024629157084914e-05,0.9949266200688238,0.005025774163902453,0.9949266200688238
1185,2,healthy,2,healthy,True,1.7366425355691785e-10,7.9128932113451e-11,0.9999983439370926,1.6558101141018379e-06,0.9999983439370926
1186,2,healthy,2,healthy,True,6.976474787654678e-08,2.756554368854185e-08,0.9998322110280726,0.00016769164163570364,0.9998322110280726
1187,2,healthy,2,healthy,True,0.016147611018566474,0.003564897275050864,0.9323787626032248,0.0479087291031579,0.9323787626032248
1188,2,healthy,2,healthy,True,0.00017309076224442845,0.00269657831029849,0.9863885896174637,0.010741741309993239,0.9863885896174637
1189,2,healthy,2,healthy,True,3.0792880485249984e-06,0.0018493141792696643,0.9978504645904044,0.00029714194227732236,0.9978504645904044
1190,2,healthy,2,healthy,True,0.00014457502866879897,0.0008526202175435432,0.8023659195305367,0.19663688522325076,0.8023659195305367
1191,2,healthy,2,healthy,True,4.314578686810444e-05,0.0006688234391104805,0.9591657546381993,0.04012227613582188,0.9591657546381993
1192,2,healthy,2,healthy,True,2.404410740223252e-06,1.354994993266846e-06,0.9993357978658718,0.0006604427283946743,0.9993357978658718
1193,2,healthy,2,healthy,True,1.995574465822986e-10,7.716422486219988e-11,0.9999952348869359,4.764836342440374e-06,0.9999952348869359
1194,2,healthy,2,healthy,True,0.00021837142367703592,0.0002062735906206474,0.9648209161187885,0.034754438866913796,0.9648209161187885
1195,2,healthy,2,healthy,True,0.003087597904429885,0.000637596569159825,0.9906584732947231,0.0056163322316871425,0.9906584732947231
1196,2,healthy,2,healthy,True,2.4824906509912873e-08,1.1791877902549721e-08,0.9998987916608909,0.00010117172232486625,0.9998987916608909
1197,2,healthy,2,healthy,True,6.348603468107996e-09,3.6522616769787307e-09,0.9999844500638746,1.5539935260250808e-05,0.9999844500638746
1198,2,healthy,0,EUS,False,0.49790105661165246,0.007199702956049603,0.47032850156783595,0.024570738864461993,0.49790105661165246
1199,2,healthy,2,healthy,True,1.7112486858569175e-07,6.946769162307255e-08,0.9998291522623647,0.0001706071450751258,0.9998291522623647
1200,2,healthy,2,healthy,True,3.750010696144385e-08,1.2543444340679832e-08,0.9998968154321459,0.00010313452430294658,0.9998968154321459
1201,2,healthy,2,healthy,True,1.282455424703181e-10,4.6723281594277567e-11,0.9999952220830429,4.777741988297044e-06,0.9999952220830429
1202,2,healthy,2,healthy,True,3.293661319810805e-14,1.83170863872926e-14,0.9999999552507751,4.4749173698511945e-08,0.9999999552507751
1203,2,healthy,2,healthy,True,4.1412582463276625e-10,1.66110322621993e-10,0.999992513248413,7.486171350813267e-06,0.999992513248413
1204,2,healthy,2,healthy,True,0.03365339077768125,0.0002816880177769377,0.9620240530180787,0.004040868186463322,0.9620240530180787
1205,2,healthy,2,healthy,True,9.54706513872176e-10,5.017993179260169e-10,0.9999979277829633,2.0707605309235187e-06,0.9999979277829633
1206,2,healthy,2,healthy,True,9.122508153438622e-11,3.322722264836808e-11,0.999995747467705,4.252407842685726e-06,0.999995747467705
1207,2,healthy,2,healthy,True,1.7128502997870282e-08,8.005306508749675e-09,0.9999911657696039,8.809096586672649e-06,0.9999911657696039
1208,2,healthy,2,healthy,True,6.697890457103515e-06,5.960314876451446e-06,0.998870388928251,0.0011169528664154648,0.998870388928251
1209,2,healthy,2,healthy,True,5.312396128258521e-09,2.514213832205919e-09,0.9999945723655752,5.419807814814132e-06,0.9999945723655752
1210,2,healthy,2,healthy,True,3.925695979143304e-09,3.293423548025501e-09,0.9999998425702034,1.5021067708807958e-07,0.9999998425702034
1211,2,healthy,2,healthy,True,7.0924531460458585e-12,2.5237924298589016e-12,0.9999988959684575,1.1040219264113923e-06,0.9999988959684575
1212,2,healthy,2,healthy,True,0.0016099044282739863,0.00011742447914529272,0.9972382399295104,0.0010344311630702586,0.9972382399295104
1213,2,healthy,2,healthy,True,6.440042539811618e-08,3.37706602354178e-08,0.9999813920332454,1.850979566899936e-05,0.9999813920332454
1214,2,healthy,2,healthy,True,1.5733587742853644e-07,9.858878746228048e-08,0.999827423326212,0.00017232074912316146,0.999827423326212
1215,2,healthy,2,healthy,True,2.1141112841798545e-10,1.2362153027120742e-10,0.9999976259672978,2.373697669532081e-06,0.9999976259672978
1216,2,healthy,2,healthy,True,2.942652476095344e-08,1.0339338612203774e-08,0.9999377680978336,6.21921363029732e-05,0.9999377680978336
1217,2,healthy,2,healthy,True,2.8640198182817287e-07,1.0208530877769193e-07,0.9997366843119818,0.00026292720072759946,0.9997366843119818
1218,2,healthy,2,healthy,True,2.7514532883433594e-06,1.0300715754724788e-06,0.9991563526102485,0.000839865864887752,0.9991563526102485
1219,2,healthy,2,healthy,True,5.234616425535067e-07,5.491025338185092e-07,0.9999393032997338,5.962413608998777e-05,0.9999393032997338
1220,2,healthy,2,healthy,True,0.0010839618003402635,0.0010589250167471486,0.9936190179156611,0.004238095267251278,0.9936190179156611
1221,2,healthy,2,healthy,True,2.62612933459289e-07,1.4207243970188152e-07,0.9998075694247477,0.00019202588987920612,0.9998075694247477
1222,2,healthy,2,healthy,True,1.0237429293961428e-12,4.964991716307478e-13,0.999999948751377,5.124710275536974e-08,0.999999948751377
1223,2,healthy,2,healthy,True,3.7043314752109366e-07,1.9736755204799925e-07,0.9999253713487558,7.406085054478917e-05,0.9999253713487558
1224,2,healthy,2,healthy,True,0.0019141113629966926,5.5396620355188146e-06,0.9979350366115005,0.00014531236346721982,0.9979350366115005
1225,2,healthy,2,healthy,True,0.0006215264684735791,0.0003955932670861084,0.9728469463575847,0.02613593390685571,0.9728469463575847
1226,2,healthy,2,healthy,True,3.105856685320773e-06,1.2146672504826417e-06,0.9989541468267186,0.0010415326493454307,0.9989541468267186
1227,2,healthy,2,healthy,True,0.00019226170783242374,0.0007007724429662177,0.9981564111527348,0.0009505546964665384,0.9981564111527348
1228,2,healthy,2,healthy,True,1.077132195265459e-07,3.798710651782958e-08,0.9998792251418015,0.00012062915787237239,0.9998792251418015
1229,2,healthy,2,healthy,True,3.1523922279737897e-06,2.721450322897724e-06,0.9984662520696779,0.0015278740877713289,0.9984662520696779
1230,2,healthy,2,healthy,True,0.004837194519288861,0.006842087441141167,0.9707840719280143,0.017536646111555764,0.9707840719280143
1231,2,healthy,2,healthy,True,8.403534280166661e-08,4.920334395559417e-08,0.9999835985700267,1.6268191286490988e-05,0.9999835985700267
1232,2,healthy,2,healthy,True,1.719525660249509e-10,8.103849668225398e-11,0.9999990807889153,9.189580934909506e-07,0.9999990807889153
1233,2,healthy,2,healthy,True,1.8917135937073846e-06,0.001360556983072441,0.9980182053021659,0.0006193460011679616,0.9980182053021659
1234,2,healthy,2,healthy,True,2.2231873005913036e-07,1.1410337196971428e-07,0.999744485143398,0.00025517843450013016,0.999744485143398
1235,2,healthy,2,healthy,True,9.555690810756083e-09,3.410605314810866e-09,0.99995417492415,4.581210955377399e-05,0.99995417492415
1236,2,healthy,2,healthy,True,1.7855996902030732e-07,1.6482383018718442e-07,0.9999949959826188,4.660633582022605e-06,0.9999949959826188
1237,2,healthy,2,healthy,True,5.865783662371372e-13,2.7382967401977024e-13,0.999999951479439,4.851970064357861e-08,0.999999951479439
1238,2,healthy,2,healthy,True,7.746519809895377e-10,3.155838595480285e-10,0.9999968367484823,3.1621612817875713e-06,0.9999968367484823
1239,2,healthy,2,healthy,True,3.188181898358327e-09,1.239889178158218e-09,0.9999763128587249,2.3682713204122796e-05,0.9999763128587249
1240,2,healthy,2,healthy,True,1.902193570367703e-12,7.327620137794264e-13,0.999999531344184,4.6865318095755905e-07,0.999999531344184
1241,2,healthy,2,healthy,True,0.0031781723449322125,1.3991471738631609e-05,0.9965970203394133,0.00021081584391597933,0.9965970203394133
1242,2,healthy,2,healthy,True,5.631077434820475e-07,2.570569873620586e-07,0.9996953138621122,0.0003038659731568616,0.9996953138621122
1243,2,healthy,2,healthy,True,7.952010092156404e-08,2.891548904765984e-08,0.9999429470921047,5.69444723052412e-05,0.9999429470921047
1244,2,healthy,2,healthy,True,4.6374443250479567e-10,2.3342572325344393e-10,0.9999987310764189,1.2682264108537633e-06,0.9999987310764189
1245,2,healthy,2,healthy,True,1.5707293593406716e-11,8.681416105333634e-12,0.9999999653789886,3.459662278300539e-08,0.9999999653789886
1246,2,healthy,2,healthy,True,3.508521521078593e-14,1.4064245079025261e-14,0.999999950217229,4.978272197956642e-08,0.999999950217229
1247,2,healthy,2,healthy,True,1.8242341943802738e-10,1.0644050361138994e-10,0.9999999552286524,4.448248376279344e-08,0.9999999552286524
1248,2,healthy,2,healthy,True,0.046319300492369986,6.206373396487575e-05,0.9519331066946374,0.0016855290790280249,0.9519331066946374
1249,2,healthy,2,healthy,True,3.519127959288426e-10,1.98176842431815e-10,0.9999998528996233,1.4655028705997603e-07,0.9999998528996233
1250,2,healthy,2,healthy,True,2.270330955723666e-11,1.1341183560596943e-11,0.9999980875643701,1.9124015854124676e-06,0.9999980875643701
1251,2,healthy,2,healthy,True,1.641517864630574e-06,1.1545385479033135e-06,0.9999801771040437,1.702683954370743e-05,0.9999801771040437
1252,2,healthy,2,healthy,True,2.0993028658117035e-08,8.052870725008007e-09,0.9999354315068203,6.453944728030421e-05,0.9999354315068203
1253,2,healthy,2,healthy,True,1.7439629508763276e-07,9.727523153211287e-08,0.9999662553191211,3.347300935215118e-05,0.9999662553191211
1254,2,healthy,2,healthy,True,3.6997157079937746e-05,0.002928180027047414,0.9900105199938354,0.007024302822037261,0.9900105199938354
1255,2,healthy,2,healthy,True,1.7158150186518725e-08,6.736135888927008e-09,0.9999575710694864,4.2405036227674125e-05,0.9999575710694864
1256,2,healthy,2,healthy,True,2.2829523164030773e-08,8.20572944335264e-09,0.9999311161565885,6.885280815872508e-05,0.9999311161565885
1257,2,healthy,2,healthy,True,6.914934405289652e-08,2.6190554886082314e-08,0.9999095619318932,9.034272820772627e-05,0.9999095619318932
1258,2,healthy,2,healthy,True,1.506049986896272e-08,5.29370642363517e-09,0.9999430230257672,5.6956620026455005e-05,0.9999430230257672
1259,2,healthy,2,healthy,True,5.204450157947162e-08,6.480812621546259e-08,0.9999993132855935,5.698617785236809e-07,0.9999993132855935
1260,2,healthy,2,healthy,True,3.191483483611015e-06,1.060925672622168e-06,0.9990995063565135,0.0008962412343303088,0.9990995063565135
1261,2,healthy,2,healthy,True,1.1127330899741514e-05,3.925772910361293e-06,0.998422751596745,0.0015621952994448788,0.998422751596745
1262,2,healthy,2,healthy,True,0.00022583047291591248,0.0009464777677650402,0.9941395548047336,0.0046881369545856465,0.9941395548047336
1263,2,healthy,2,healthy,True,1.9555601265035798e-11,8.128334561599953e-12,0.9999995335212493,4.664510667786058e-07,0.9999995335212493
1264,2,healthy,2,healthy,True,1.853838666271605e-07,1.0481742495516792e-07,0.9998632825301992,0.00013642726850913685,0.9998632825301992
1265,2,healthy,2,healthy,True,3.405040602785534e-07,1.2291422727807095e-07,0.9998961853218462,0.00010335125986636006,0.9998961853218462
1266,2,healthy,2,healthy,True,2.161631416923826e-07,7.492578571244646e-08,0.9997099802808097,0.0002897286302628798,0.9997099802808097
1267,2,healthy,2,healthy,True,3.9016696219064075e-06,1.3441518582163392e-06,0.9991380591500699,0.0008566950284499882,0.9991380591500699
1268,2,healthy,2,healthy,True,0.02688765755309392,0.0026074600640995003,0.9423623115565555,0.028142570826250976,0.9423623115565555
1269,2,healthy,2,healthy,True,4.309793692447326e-09,1.4461489186256824e-09,0.9999702367891906,2.97574548668182e-05,0.9999702367891906
1270,2,healthy,2,healthy,True,1.2613672648447958e-09,7.225848208477283e-10,0.9999996913068708,3.067091770354489e-07,0.9999996913068708
1271,2,healthy,2,healthy,True,5.968854967176829e-12,3.3392645628888846e-12,0.9999999559644431,4.402624877634785e-08,0.9999999559644431
1272,2,healthy,2,healthy,True,1.3742984777219078e-06,0.001584140956011113,0.99841363971291,8.450326010955153e-07,0.99841363971291
1273,2,healthy,2,healthy,True,1.5920534444768585e-05,5.418294147167152e-06,0.9977095387993677,0.002269122372040329,0.9977095387993677
1274,2,healthy,2,healthy,True,9.92371740030588e-07,3.5151887164821557e-07,0.9997015055848968,0.00029715052449153537,0.9997015055848968
1275,2,healthy,2,healthy,True,5.137151707897204e-10,1.925444825701309e-10,0.9999925862048378,7.413088902674648e-06,0.9999925862048378
1276,2,healthy,2,healthy,True,0.03653995353630374,0.005801525419594475,0.9562448412335272,0.0014136798105748147,0.9562448412335272
1277,2,healthy,2,healthy,True,1.6457298076082712e-05,6.406443776112347e-06,0.9980752699229021,0.0019018663352457785,0.9980752699229021
1278,2,healthy,2,healthy,True,9.052001020133018e-09,3.179464490095944e-09,0.9999556563688607,4.433139967365025e-05,0.9999556563688607
1279,2,healthy,2,healthy,True,5.370132400352025e-09,3.266739950122214e-09,0.9999948959082033,5.09545492439922e-06,0.9999948959082033
1280,2,healthy,3,red_spot,False,0.09410620179011417,0.001744577827128175,0.31509220418616113,0.5890570161965967,0.5890570161965967
1281,2,healthy,2,healthy,True,8.914415562877118e-10,3.269703136793284e-10,0.999988363779989,1.163500159920175e-05,0.999988363779989
1282,2,healthy,2,healthy,True,4.692835267776256e-10,2.386358583303355e-10,0.9999995741394359,4.251526446300951e-07,0.9999995741394359
1283,2,healthy,2,healthy,True,1.7510766122168335e-08,1.253785791513912e-08,0.9998971788261303,0.0001027911252456756,0.9998971788261303
1284,2,healthy,2,healthy,True,3.493856934631868e-07,3.6281534537303836e-07,0.9999897247537928,9.563045168444976e-06,0.9999897247537928
1285,2,healthy,2,healthy,True,9.90211594153082e-09,3.512753906654505e-09,0.999953726600833,4.625998429720736e-05,0.999953726600833
1286,2,healthy,2,healthy,True,1.642167177213749e-13,7.699031386668448e-14,0.9999999512550544,4.874470424773094e-08,0.9999999512550544
1287,2,healthy,2,healthy,True,2.0195041832343573e-08,7.155096964979124e-09,0.9999341112624723,6.586138738884253e-05,0.9999341112624723
1288,2,healthy,2,healthy,True,1.2996916007331543e-06,4.3636926467257223e-07,0.9994397894722282,0.0005584744669062683,0.9994397894722282
1289,2,healthy,2,healthy,True,5.132608570282798e-08,1.8385029697744057e-08,0.9998985190308298,0.00010141125805468588,0.9998985190308298
1290,2,healthy,2,healthy,True,0.004846905356201398,0.004462200162849443,0.9872970446429885,0.003393849837960996,0.9872970446429885
1291,2,healthy,2,healthy,True,1.8972023762115027e-07,1.0253436005460713e-07,0.9999225111238377,7.719662156466672e-05,0.9999225111238377
1292,2,healthy,2,healthy,True,5.864303962354034e-07,2.1635914926800966e-07,0.9996651060921176,0.00033409111833701294,0.9996651060921176
1293,2,healthy,2,healthy,True,3.1349180320191294e-06,1.4001565927526178e-06,0.9993220473886839,0.0006734175366914691,0.9993220473886839
1294,2,healthy,2,healthy,True,3.887630212648005e-07,1.4101311604335355e-07,0.9997103788504021,0.00028909137346060966,0.9997103788504021
1295,2,healthy,2,healthy,True,1.0101851406067684e-06,4.0443300224525253e-07,0.9995592880091095,0.00043929737274753055,0.9995592880091095
1296,2,healthy,2,healthy,True,7.635726071144331e-07,6.747763247616001e-07,0.9995466397014686,0.0004519219495994331,0.9995466397014686
1297,2,healthy,2,healthy,True,5.239433576903658e-07,1.8608702778265586e-07,0.9996650620963625,0.0003342278732521105,0.9996650620963625
1298,2,healthy,2,healthy,True,6.11842445750215e-11,2.7087030224646843e-11,0.9999976734395677,2.3264721611050827e-06,0.9999976734395677
1299,2,healthy,2,healthy,True,1.837980168391901e-09,6.59734382896824e-10,0.9999795332069489,2.0464295336561202e-05,0.9999795332069489
1300,2,healthy,2,healthy,True,1.3091215820400363e-10,6.061582469769182e-11,0.9999987349760594,1.2648324127380005e-06,0.9999987349760594
1301,2,healthy,2,healthy,True,9.039442609383338e-08,5.2846925950541666e-08,0.9997828639673793,0.0002169927912685646,0.9997828639673793
1302,2,healthy,2,healthy,True,2.3363614353223077e-07,8.338524502572588e-08,0.9997715462672949,0.00022813671131654404,0.9997715462672949
1303,2,healthy,2,healthy,True,5.044112659744231e-11,4.5461129961256505e-11,0.9999942183583356,5.781545762257411e-06,0.9999942183583356
1304,2,healthy,2,healthy,True,4.88515212593034e-05,0.0013598579068972842,0.9983123765934229,0.00027891397842027795,0.9983123765934229
1305,2,healthy,2,healthy,True,9.35133042257319e-10,1.6871035800463743e-09,0.9999972231597055,2.7742180578472636e-06,0.9999972231597055
1306,2,healthy,2,healthy,True,3.2838682691648434e-09,2.000220973596916e-09,0.9999851526259828,1.4842089928031565e-05,0.9999851526259828
1307,2,healthy,2,healthy,True,3.0199104000071796e-06,1.81562375245931e-06,0.9992028072124176,0.0007923572534301173,0.9992028072124176
1308,2,healthy,2,healthy,True,9.448340830581615e-10,4.086136219057235e-10,0.9999925457003164,7.4529462360658634e-06,0.9999925457003164
1309,2,healthy,2,healthy,True,5.76016053828283e-11,2.5729736395830487e-11,0.999996750532147,3.249384521712346e-06,0.999996750532147
1310,2,healthy,2,healthy,True,3.200835683243495e-06,1.659935298655451e-06,0.9987883978887165,0.0012067413403016197,0.9987883978887165
1311,2,healthy,2,healthy,True,3.0306198838833424e-06,1.5309890042148497e-06,0.9986728576243558,0.0013225807667560346,0.9986728576243558
1312,2,healthy,2,healthy,True,1.4662039074832866e-08,4.9517580378443676e-09,0.9999390130104435,6.096737575945955e-05,0.9999390130104435
1313,2,healthy,2,healthy,True,2.307260022868296e-06,8.144210488872134e-07,0.9992888688481636,0.0007080094707646118,0.9992888688481636
1314,2,healthy,2,healthy,True,2.9872431858729214e-10,1.3079596183888617e-10,0.9999992698527558,7.297177239159256e-07,0.9999992698527558
1315,2,healthy,2,healthy,True,1.2450016053007506e-06,2.6713297014091764e-06,0.9993058198975356,0.0006902637711574756,0.9993058198975356
1316,2,healthy,2,healthy,True,3.965325499702798e-07,8.222265325560979e-07,0.9999789954006381,1.9785840279469985e-05,0.9999789954006381
1317,2,healthy,2,healthy,True,3.6329365912600267e-07,1.2376261303215456e-07,0.9997093983469063,0.00029011459682163265,0.9997093983469063
1318,2,healthy,2,healthy,True,7.024709125710397e-11,5.442614818190503e-11,0.9999999171906334,8.268469327066915e-08,0.9999999171906334
1319,2,healthy,2,healthy,True,5.390387549054381e-05,0.0013099047320002445,0.9981364598901883,0.0004997315023206754,0.9981364598901883
1320,2,healthy,2,healthy,True,2.3529617222121864e-06,1.0302087430101514e-06,0.9987402048068618,0.001256412022673184,0.9987402048068618
1321,2,healthy,2,healthy,True,9.591584066999753e-07,3.2650304567791864e-07,0.9994579440708612,0.0005407702676864385,0.9994579440708612
1322,2,healthy,2,healthy,True,3.2811753078067937e-06,2.5738975668424152e-06,0.998854716383038,0.0011394285440874277,0.998854716383038
1323,2,healthy,2,healthy,True,1.7604526618603574e-06,3.3308187923042245e-06,0.9990223004004342,0.0009726083281117095,0.9990223004004342
1324,2,healthy,2,healthy,True,0.01938207227780638,0.014554973077639796,0.9352216139661159,0.030841340678438283,0.9352216139661159
1325,2,healthy,2,healthy,True,2.0974483890524137e-10,3.060114766383867e-10,0.9999833880396409,1.661144460269545e-05,0.9999833880396409
1326,2,healthy,2,healthy,True,1.17792072567816e-08,4.916735331516302e-09,0.9999736567235359,2.6326580521639703e-05,0.9999736567235359
1327,2,healthy,2,healthy,True,2.9378015656069303e-09,1.6797127312583633e-09,0.9999877676877479,1.2227694737908004e-05,0.9999877676877479
1328,2,healthy,2,healthy,True,1.1088272036754344e-06,5.931248840758114e-07,0.9998692601095417,0.0001290379383705594,0.9998692601095417
1329,2,healthy,2,healthy,True,2.652658399081099e-06,1.3205481570854076e-06,0.9987548482060703,0.0012411785873735657,0.9987548482060703
1330,2,healthy,2,healthy,True,1.481395782619366e-06,5.712932612728382e-07,0.9994658088027705,0.0005321385081857101,0.9994658088027705
1331,2,healthy,2,healthy,True,6.738673785682925e-07,2.635594111015365e-07,0.9996526037750351,0.00034645879817524634,0.9996526037750351
1332,2,healthy,2,healthy,True,2.0163060194784683e-07,8.886887673725683e-08,0.9999124226106362,8.728688988519185e-05,0.9999124226106362
1333,2,healthy,2,healthy,True,9.720454442962558e-09,1.123836406687737e-08,0.9999994347076372,5.443335442736953e-07,0.9999994347076372
1334,2,healthy,2,healthy,True,6.583386345170924e-07,5.851172690196796e-07,0.9997798857477533,0.00021887079634314054,0.9997798857477533
1335,2,healthy,2,healthy,True,7.819843554705965e-07,9.86662626246955e-07,0.9998800644127811,0.00011816694023731598,0.9998800644127811
1336,2,healthy,2,healthy,True,1.0896829541703317e-08,6.554031534906757e-09,0.9999776929461448,2.22896029941915e-05,0.9999776929461448
1337,2,healthy,2,healthy,True,7.772610011542566e-10,5.878137824869262e-10,0.9999900427740407,9.955860884446206e-06,0.9999900427740407
1338,2,healthy,2,healthy,True,3.267204504102054e-08,1.90716403967228e-08,0.999981028828983,1.8919427331697097e-05,0.999981028828983
1339,2,healthy,2,healthy,True,7.775605526763014e-11,5.071330911034832e-11,0.9999996043706187,3.955009119563508e-07,0.9999996043706187
1340,2,healthy,2,healthy,True,8.477667406961036e-09,6.8607921602095595e-09,0.9999870226928363,1.2961968704084895e-05,0.9999870226928363
1341,2,healthy,2,healthy,True,3.393902332035064e-08,3.6633134424135196e-08,0.9999678417557203,3.208767212205298e-05,0.9999678417557203
1342,2,healthy,2,healthy,True,3.6645975235087916e-06,1.9959989010792596e-06,0.9992422601572252,0.0007520792463500921,0.9992422601572252
1343,2,healthy,2,healthy,True,1.601033706669445e-09,6.624529608397774e-10,0.9999943449350984,5.652801414772045e-06,0.9999943449350984
1344,2,healthy,2,healthy,True,5.257843477898099e-09,1.7703298554856343e-09,0.9999639798983447,3.601307348179041e-05,0.9999639798983447
1345,2,healthy,2,healthy,True,5.0422597220336796e-08,3.166992540260347e-08,0.9999784061981849,2.151170929263578e-05,0.9999784061981849
1346,2,healthy,2,healthy,True,1.1055283050055362e-08,4.144308917255752e-09,0.9999593178947603,4.0666905647619764e-05,0.9999593178947603
1347,2,healthy,2,healthy,True,4.406082014033337e-08,2.6380688515075534e-08,0.9999691397515562,3.078980693499178e-05,0.9999691397515562
1348,2,healthy,2,healthy,True,2.6224147810036825e-08,1.6421905951650806e-08,0.9999918699250324,8.087428913941667e-06,0.9999918699250324
1349,2,healthy,2,healthy,True,3.928146787663332e-06,2.076341814905249e-06,0.9988942838277034,0.0010997116836940599,0.9988942838277034
1350,2,healthy,2,healthy,True,7.924620112184688e-10,1.4500839319919098e-09,0.9999970618165239,2.9359409302362982e-06,0.9999970618165239
1351,2,healthy,2,healthy,True,2.6052423279507796e-08,1.2855842108336798e-08,0.9999254686897395,7.449240199515989e-05,0.9999254686897395
1352,2,healthy,2,healthy,True,1.5660656035852142e-07,1.214200389618635e-07,0.9999890929044987,1.0629068902076732e-05,0.9999890929044987
1353,2,healthy,2,healthy,True,1.0061289628492651e-07,6.82996539490482e-08,0.9999706464838937,2.9184603556034693e-05,0.9999706464838937
1354,2,healthy,2,healthy,True,1.1530004269350793e-07,8.640864905700033e-08,0.9999362201019326,6.35781893756159e-05,0.9999362201019326
1355,2,healthy,2,healthy,True,6.922825842515237e-11,3.2716164118703746e-11,0.9999974814693913,2.5184286644255067e-06,0.9999974814693913
1356,2,healthy,2,healthy,True,6.169438939089986e-09,3.4429462015900058e-09,0.9999653927283938,3.4597659220981e-05,0.9999653927283938
1357,2,healthy,2,healthy,True,1.3846883352788533e-08,5.280877247718276e-09,0.999947246455195,5.273441704427772e-05,0.999947246455195
1358,2,healthy,2,healthy,True,6.272516961990563e-08,3.786950315392472e-08,0.9999771660736974,2.273333162991633e-05,0.9999771660736974
1359,2,healthy,2,healthy,True,2.102690252733852e-10,2.571799847159303e-10,0.9999999577433211,4.1789229906151666e-08,0.9999999577433211
1360,2,healthy,2,healthy,True,3.2229687495790065e-09,1.418171655160678e-09,0.9999908534063174,9.141952542165683e-06,0.9999908534063174
1361,2,healthy,2,healthy,True,2.868035282368541e-10,1.6903695235609638e-10,0.9999991020085741,8.975355853974768e-07,0.9999991020085741
1362,2,healthy,2,healthy,True,7.834435312784239e-09,4.13100678771082e-09,0.9999287850567303,7.120297782762613e-05,0.9999287850567303
1363,2,healthy,2,healthy,True,0.0026514278486992242,0.0004266043589408011,0.9914338001680396,0.00548816762432028,0.9914338001680396
1364,2,healthy,2,healthy,True,2.1706499735271187e-06,9.272639878630595e-07,0.9988729463625865,0.0011239557234520917,0.9988729463625865
1365,2,healthy,2,healthy,True,1.140961559579697e-08,1.0734776702662125e-08,0.999987264862105,1.2712993502559699e-05,0.999987264862105
1366,2,healthy,2,healthy,True,9.773475933944952e-08,3.693966818078815e-08,0.9998292290204326,0.000170636305139983,0.9998292290204326
1367,2,healthy,2,healthy,True,1.7003596152291785e-06,3.2200612174469133e-06,0.9989265661429778,0.0010685134361894829,0.9989265661429778
1368,2,healthy,2,healthy,True,2.2782572901320425e-07,7.750820332390636e-08,0.9997663094937133,0.00023338517235448395,0.9997663094937133
1369,2,healthy,2,healthy,True,4.447603811000908e-08,3.4505420420529305e-08,0.9999993844402665,5.365782749252917e-07,0.9999993844402665
1370,2,healthy,2,healthy,True,4.792730035127671e-07,4.242952317644839e-07,0.9994233025104319,0.00057579392133295,0.9994233025104319
1371,2,healthy,2,healthy,True,3.044982420944589e-10,2.7140434679111557e-10,0.9999993890900827,6.103340149319485e-07,0.9999993890900827
1372,2,healthy,2,healthy,True,1.2258461697230289e-06,1.1391886946018873e-06,0.9997607353551682,0.00023689960996754395,0.9997607353551682
1373,2,healthy,2,healthy,True,1.3400885766545379e-09,4.553977479525632e-10,0.9999815843705885,1.84138339251391e-05,0.9999815843705885
1374,2,healthy,2,healthy,True,3.300753119322512e-07,1.7474041911854012e-07,0.9998253823958133,0.00017411278845571264,0.9998253823958133
1375,2,healthy,2,healthy,True,2.1942456614382277e-08,1.2511450926473092e-08,0.9999864092628976,1.35562831947893e-05,0.9999864092628976
1376,2,healthy,2,healthy,True,3.0749109602610954e-08,1.1041667755081866e-08,0.9999186334894775,8.13247197449786e-05,0.9999186334894775
1377,2,healthy,2,healthy,True,4.5927467099564166e-10,1.9539444036813256e-10,0.9999905723813344,9.426963996546e-06,0.9999905723813344
1378,2,healthy,2,healthy,True,3.3723786293875e-08,2.2317420696692668e-08,0.9999597450058334,4.019895295967613e-05,0.9999597450058334
1379,2,healthy,2,healthy,True,2.8109780051758813e-06,1.6622826455885018e-06,0.999283164133738,0.0007123626056113404,0.999283164133738
1380,2,healthy,2,healthy,True,6.320787217088809e-09,3.6924277670183113e-09,0.9999995474215911,4.4256519389812254e-07,0.9999995474215911
1381,2,healthy,2,healthy,True,2.7521716014369205e-10,9.917049350557571e-11,0.9999923959544986,7.603671113937139e-06,0.9999923959544986
1382,2,healthy,2,healthy,True,8.533517021859662e-08,5.089552497679128e-08,0.999988097390764,1.1766378540861866e-05,0.999988097390764
1383,2,healthy,2,healthy,True,2.0875378130940734e-07,7.493419445671928e-08,0.9997918234934243,0.000207892818600023,0.9997918234934243
1384,2,healthy,2,healthy,True,1.779577940297102e-07,9.647288703692864e-08,0.9999323971186275,6.732845069132046e-05,0.9999323971186275
1385,2,healthy,2,healthy,True,1.4951251384521752e-07,9.242842859619439e-08,0.9998829314929277,0.00011682656612977584,0.9998829314929277
1386,2,healthy,2,healthy,True,2.06333762000904e-07,7.655570701865625e-08,0.9998003728677567,0.00019934424277439052,0.9998003728677567
1387,2,healthy,2,healthy,True,2.4562384104331637e-07,8.830616349312297e-08,0.9997734159645326,0.00022625010546279567,0.9997734159645326
1388,2,healthy,2,healthy,True,7.507308047698306e-08,4.3571860249931216e-08,0.9999813788974501,1.8502457609156277e-05,0.9999813788974501
1389,2,healthy,2,healthy,True,1.751803097500887e-06,6.396280700238681e-07,0.99940321798776,0.0005943905810723932,0.99940321798776
1390,2,healthy,2,healthy,True,3.0247395825461635e-08,1.0682387991570155e-08,0.9999283595485656,7.15995216505406e-05,0.9999283595485656
1391,2,healthy,2,healthy,True,1.4212927032064031e-07,7.581167273774009e-08,0.9998618796081506,0.00013790245090628895,0.9998618796081506
1392,2,healthy,2,healthy,True,3.672947976324387e-10,1.604849216189946e-10,0.999995084573287,4.914898933275341e-06,0.999995084573287
1393,2,healthy,2,healthy,True,3.1961220310779926e-09,1.158228407697942e-09,0.9999763957194636,2.3599926185915508e-05,0.9999763957194636
1394,2,healthy,2,healthy,True,7.69672203997311e-08,2.7565739536304234e-08,0.9998731776901277,0.0001267177769123164,0.9998731776901277
1395,2,healthy,2,healthy,True,1.0326159910092817e-06,5.293262313754007e-07,0.9997167109444515,0.0002817271133260351,0.9997167109444515
1396,2,healthy,2,healthy,True,3.819787909175334e-06,1.3042889958258621e-06,0.9991620150768014,0.000832860846293428,0.9991620150768014
1397,2,healthy,2,healthy,True,8.056702916895164e-09,3.1469670550937e-09,0.99997111796899,2.8870827339942903e-05,0.99997111796899
1398,2,healthy,2,healthy,True,2.1394721789845853e-08,7.202198462349549e-09,0.9999245205620116,7.545084106815607e-05,0.9999245205620116
1399,2,healthy,2,healthy,True,1.469306087235742e-08,8.444176206632704e-09,0.9999955164937054,4.460369057604601e-06,0.9999955164937054
1400,2,healthy,2,healthy,True,2.1126033568958563e-09,7.27261838448349e-10,0.9999720698339929,2.7927326141913462e-05,0.9999720698339929
1401,2,healthy,2,healthy,True,5.794661538778134e-10,2.824653658092133e-10,0.9999996169837383,3.821543303459614e-07,0.9999996169837383
1402,2,healthy,2,healthy,True,2.3333308563777157e-09,1.0548810584541694e-09,0.9999959893723682,4.0072394200528834e-06,0.9999959893723682
1403,2,healthy,2,healthy,True,8.128944835963043e-08,3.089976514174207e-08,0.999875601561099,0.000124286249687674,0.999875601561099
1404,2,healthy,2,healthy,True,4.0155715840686785e-09,1.4589272728827012e-09,0.9999711690604273,2.8825465073883392e-05,0.9999711690604273
1405,2,healthy,2,healthy,True,9.947830398028163e-07,9.429327296606289e-07,0.9999809753093615,1.708697486911416e-05,0.9999809753093615
1406,2,healthy,2,healthy,True,2.8172188385999338e-06,9.309460129924558e-07,0.9991330381484751,0.0008632136866733107,0.9991330381484751
1407,2,healthy,2,healthy,True,1.0859973047659116e-06,9.969517330799877e-07,0.9999484453263092,4.947172465300981e-05,0.9999484453263092
1408,2,healthy,2,healthy,True,1.1701782939048004e-08,5.8873510862108755e-09,0.9999759441984066,2.403821245928285e-05,0.9999759441984066
1409,2,healthy,2,healthy,True,4.083796376292442e-07,8.80277693484631e-07,0.9999351586157065,6.355272696244397e-05,0.9999351586157065
1410,2,healthy,2,healthy,True,2.686098866858075e-10,1.2852097783988404e-10,0.9999974812810714,2.518321797849999e-06,0.9999974812810714
1411,2,healthy,2,healthy,True,2.1900746785550036e-07,1.425440737524871e-07,0.9998397673660966,0.00015987108236177887,0.9998397673660966
1412,2,healthy,2,healthy,True,1.8704214785687937e-09,7.679057555314914e-10,0.9999835943784257,1.6402983247341507e-05,0.9999835943784257
1413,2,healthy,2,healthy,True,4.938120097852537e-07,4.080700432537899e-07,0.9999326291943954,6.64689235514444e-05,0.9999326291943954
1414,2,healthy,2,healthy,True,3.4447371799204852e-06,2.2442887832074633e-06,0.9993451310090716,0.0006491799649651722,0.9993451310090716
1415,2,healthy,2,healthy,True,1.7274546069183822e-07,8.520029858986102e-08,0.9998669257637134,0.00013281629052753257,0.9998669257637134
1416,2,healthy,2,healthy,True,9.819122500221313e-10,7.235007920964194e-10,0.9999842796712023,1.5718623384489256e-05,0.9999842796712023
1417,2,healthy,2,healthy,True,9.122702735484688e-08,3.226195325987084e-08,0.9998597682456214,0.00014010826539794267,0.9998597682456214
1418,2,healthy,2,healthy,True,2.5607429035715624e-06,1.2883095447186392e-06,0.9987072284004619,0.0012889225470897395,0.9987072284004619
1419,2,healthy,2,healthy,True,1.1566997360413392e-06,5.528065721292305e-07,0.9995264086373571,0.0004718818563347932,0.9995264086373571
1420,2,healthy,2,healthy,True,1.478262820025129e-08,5.4383351492137315e-09,0.9999593635858426,4.061619319416378e-05,0.9999593635858426
1421,2,healthy,2,healthy,True,8.716694380465236e-08,9.60750796047237e-08,0.9999987750922421,1.041665734520197e-06,0.9999987750922421
1422,2,healthy,2,healthy,True,4.0364489472456165e-06,2.0819028099473914e-06,0.9989239643904981,0.0010699172577446022,0.9989239643904981
1423,2,healthy,2,healthy,True,4.1447115512635137e-10,1.3690153119443503e-10,0.9999895794745314,1.0419974096041274e-05,0.9999895794745314
1424,2,healthy,2,healthy,True,8.271177965908215e-08,4.059566640978354e-08,0.9999106176407263,8.925905182744299e-05,0.9999106176407263
1425,2,healthy,2,healthy,True,3.0441654156371496e-06,1.145110270967046e-06,0.9993167443083283,0.0006790664159851155,0.9993167443083283
1426,2,healthy,2,healthy,True,2.5400546171637417e-08,1.061449908338534e-08,0.999935153009668,6.481097528673687e-05,0.999935153009668
1427,2,healthy,2,healthy,True,6.758761215382855e-10,2.8540634710056877e-10,0.9999923291157755,7.669922942034041e-06,0.9999923291157755
1428,2,healthy,2,healthy,True,1.0903684458142897e-07,3.84973903159288e-08,0.9997966454658935,0.00020320699987159068,0.9997966454658935
1429,2,healthy,2,healthy,True,4.809729739040198e-10,1.7824315580991504e-10,0.9999986187869381,1.3805538456189597e-06,0.9999986187869381
1430,2,healthy,2,healthy,True,1.1146556157058275e-07,3.779568629686741e-08,0.999857465046816,0.0001423856919361707,0.999857465046816
1431,2,healthy,2,healthy,True,3.084136980067069e-07,3.3096857435338275e-07,0.9999647443082822,3.46163094455718e-05,0.9999647443082822
1432,2,healthy,2,healthy,True,2.7524336143573385e-08,9.397356797103463e-09,0.999915009508535,8.49535697722861e-05,0.999915009508535
1433,2,healthy,2,healthy,True,5.4668296819748354e-08,3.378021836848039e-08,0.9999584347278667,4.1476823618031436e-05,0.9999584347278667
1434,2,healthy,2,healthy,True,5.473751157988164e-07,7.175259935131383e-07,0.9999975994175992,1.1356812915677685e-06,0.9999975994175992
1435,2,healthy,2,healthy,True,6.379611748794183e-11,4.923816701046776e-11,0.9999978879425055,2.1119444600536193e-06,0.9999978879425055
1436,2,healthy,2,healthy,True,5.602482923573289e-09,4.489942136917294e-09,0.9999956356384313,4.3542691436596374e-06,0.9999956356384313
1437,2,healthy,2,healthy,True,3.196294014533843e-10,1.5901033953978886e-10,0.9999995917974341,4.0772392611114486e-07,0.9999995917974341
1438,2,healthy,2,healthy,True,1.2753586240200857e-07,9.926821938721497e-08,0.9999948311183096,4.942077608635128e-06,0.9999948311183096
1439,2,healthy,2,healthy,True,0.002705092789255823,0.00035765965755577315,0.9960460131916783,0.0008912343615101245,0.9960460131916783
1440,2,healthy,2,healthy,True,3.855450948195542e-06,2.1431530130780564e-06,0.9988416263179066,0.0011523750781321056,0.9988416263179066
1441,2,healthy,2,healthy,True,1.3273427649221802e-07,5.4169078967339973e-08,0.9998459929255223,0.00015382017112203287,0.9998459929255223
1442,2,healthy,2,healthy,True,3.5270602893205197e-06,1.2224000879958993e-06,0.9991767008782297,0.0008185496613930654,0.9991767008782297
1443,2,healthy,2,healthy,True,1.1520174778254829e-06,5.562892805992327e-07,0.999578155590751,0.0004201361024905706,0.999578155590751
1444,2,healthy,2,healthy,True,1.8270669354071436e-07,1.6007093685476036e-07,0.999982114058356,1.754316401367575e-05,0.999982114058356
1445,2,healthy,2,healthy,True,3.295623949875557e-07,1.6272540916001413e-07,0.9998444879641192,0.0001550197480767888,0.9998444879641192
1446,2,healthy,2,healthy,True,7.826262240451662e-10,4.41818025144405e-10,0.9999952736695406,4.7251060152764065e-06,0.9999952736695406
1447,2,healthy,2,healthy,True,3.5274063049760355e-10,2.497008959079653e-10,0.9999933328821872,6.666515371123573e-06,0.9999933328821872
1448,2,healthy,2,healthy,True,6.458900228611422e-08,4.3020108422631766e-08,0.9999756310495215,2.4261341367826154e-05,0.9999756310495215
1449,2,healthy,2,healthy,True,4.88515212593034e-05,0.0013598579068972842,0.9983123765934229,0.00027891397842027795,0.9983123765934229
1450,2,healthy,2,healthy,True,1.1344243837808696e-08,6.643993194170631e-09,0.9999904926262827,9.48938548019144e-06,0.9999904926262827
1451,2,healthy,2,healthy,True,1.2979176018672546e-10,4.6207770950237564e-11,0.9999947477711764,5.252052824150009e-06,0.9999947477711764
1452,2,healthy,2,healthy,True,8.102909052559285e-07,3.10119499519941e-07,0.9995748406742282,0.00042403891536708384,0.9995748406742282
1453,2,healthy,2,healthy,True,0.004250667691154043,0.000679770671463292,0.984698702549307,0.01037085908807562,0.984698702549307
1454,2,healthy,2,healthy,True,7.108046508680716e-07,1.4248720027249878e-06,0.9996087886407772,0.0003890756825691432,0.9996087886407772
1455,2,healthy,2,healthy,True,8.52532737716743e-07,3.196621586935998e-07,0.9995307952799075,0.00046803252519607604,0.9995307952799075
1456,2,healthy,2,healthy,True,3.485472076531177e-07,5.43460167122925e-07,0.9995419038700832,0.0004572041225419375,0.9995419038700832
1457,2,healthy,2,healthy,True,2.9341693366853872e-06,3.3763129122013287e-06,0.9990821210109839,0.000911568506767246,0.9990821210109839
1458,2,healthy,2,healthy,True,5.390387549054381e-05,0.0013099047320002445,0.9981364598901883,0.0004997315023206754,0.9981364598901883
1459,2,healthy,2,healthy,True,4.865106554500457e-07,2.3726178330912531e-07,0.9998994154356312,9.986079192995854e-05,0.9998994154356312
1460,2,healthy,2,healthy,True,4.940171228297147e-07,1.656559346235306e-07,0.9996662053829122,0.00033313494403040204,0.9996662053829122
1461,2,healthy,2,healthy,True,0.01938207227780638,0.014554973077639796,0.9352216139661159,0.030841340678438283,0.9352216139661159
1462,2,healthy,2,healthy,True,1.17792072567816e-08,4.916735331516302e-09,0.9999736567235359,2.6326580521639703e-05,0.9999736567235359
1463,2,healthy,2,healthy,True,6.370063047669636e-07,2.715019527899461e-07,0.9996488864826477,0.000350205009094828,0.9996488864826477
1464,2,healthy,2,healthy,True,5.979959117606057e-09,2.607192204688779e-09,0.9999713915851147,2.8599827733861957e-05,0.9999713915851147
1465,2,healthy,2,healthy,True,8.973216915023558e-08,5.469367798001582e-08,0.9999700504033189,2.9805170834136347e-05,0.9999700504033189
1466,2,healthy,2,healthy,True,2.6901023382347408e-08,8.989676840336258e-09,0.9999118390190456,8.812509025406243e-05,0.9999118390190456
1467,2,healthy,2,healthy,True,2.2263930726914464e-06,1.0977297471261337e-06,0.9994279791094771,0.0005686967677030213,0.9994279791094771
1468,2,healthy,2,healthy,True,0.015495441777207963,0.00039350171227929933,0.9802246439323339,0.0038864125781787533,0.9802246439323339
1469,2,healthy,2,healthy,True,1.2484289026846133e-11,6.4368139202607036e-12,0.9999999080397909,9.194128795754498e-08,0.9999999080397909
1470,2,healthy,2,healthy,True,3.059664234524441e-06,1.0534402404989856e-06,0.9992079089388612,0.0007879779566636932,0.9992079089388612
1471,2,healthy,2,healthy,True,1.1719124290337357e-06,6.789963353136254e-07,0.9996834769671195,0.00031467212411598393,0.9996834769671195
1472,2,healthy,2,healthy,True,2.0163060194784683e-07,8.886887673725683e-08,0.9999124226106362,8.728688988519185e-05,0.9999124226106362
1473,2,healthy,2,healthy,True,1.5170284060747293e-12,5.45690415067838e-13,0.9999999499976528,5.000028440163031e-08,0.9999999499976528
1474,2,healthy,2,healthy,True,6.583386345170924e-07,5.851172690196796e-07,0.9997798857477533,0.00021887079634314054,0.9997798857477533
1475,2,healthy,2,healthy,True,3.835021953758526e-06,1.9058847075191435e-06,0.999174247997967,0.0008200110953717671,0.999174247997967
1476,2,healthy,2,healthy,True,2.910973713934729e-07,2.3605223872414167e-07,0.9999974438151474,2.0290352423790677e-06,0.9999974438151474
1477,2,healthy,2,healthy,True,7.772610011542566e-10,5.878137824869262e-10,0.9999900427740407,9.955860884446206e-06,0.9999900427740407
1478,2,healthy,2,healthy,True,9.287009390335134e-09,5.678878901520182e-09,0.9999979494395032,2.0355946085558514e-06,0.9999979494395032
1479,2,healthy,2,healthy,True,9.940302836811029e-08,1.1683763790954661e-07,0.999969679550183,3.01042091509024e-05,0.999969679550183
1480,2,healthy,2,healthy,True,8.477667406961036e-09,6.8607921602095595e-09,0.9999870226928363,1.2961968704084895e-05,0.9999870226928363
1481,2,healthy,2,healthy,True,2.0597877046494524e-06,1.1547213620753198e-06,0.9996182906728458,0.00037849481808753456,0.9996182906728458
1482,2,healthy,2,healthy,True,5.257843477898099e-09,1.7703298554856343e-09,0.9999639798983447,3.601307348179041e-05,0.9999639798983447
1483,2,healthy,2,healthy,True,1.1866107809780554e-08,1.0343182615158932e-08,0.9999859394736614,1.4038317048038177e-05,0.9999859394736614
1484,2,healthy,2,healthy,True,1.1055283050055362e-08,4.144308917255752e-09,0.9999593178947603,4.0666905647619764e-05,0.9999593178947603
1485,2,healthy,2,healthy,True,2.720799937729659e-06,1.0292680248801385e-06,0.9989060722217471,0.0010901777102903186,0.9989060722217471
1486,2,healthy,2,healthy,True,2.6224147810036825e-08,1.6421905951650806e-08,0.9999918699250324,8.087428913941667e-06,0.9999918699250324
1487,2,healthy,2,healthy,True,7.924620112184688e-10,1.4500839319919098e-09,0.9999970618165239,2.9359409302362982e-06,0.9999970618165239
1488,2,healthy,2,healthy,True,3.4072353670756653e-06,1.1801437205583685e-06,0.9992511823402769,0.0007442302806354341,0.9992511823402769
1489,2,healthy,2,healthy,True,1.0061289628492651e-07,6.82996539490482e-08,0.9999706464838937,2.9184603556034693e-05,0.9999706464838937
1490,2,healthy,2,healthy,True,1.7283171262638683e-07,1.0563667632287085e-07,0.9999251071890937,7.461434251737121e-05,0.9999251071890937
1491,2,healthy,2,healthy,True,5.557019850346834e-09,4.467400306432778e-09,0.9999958326941374,4.1572814425381855e-06,0.9999958326941374
1492,2,healthy,2,healthy,True,1.4827356497100234e-07,1.134505711839739e-07,0.9999794148496118,2.0323426251916273e-05,0.9999794148496118
1493,2,healthy,2,healthy,True,1.7130029995524462e-06,6.269477077825095e-07,0.9996116787090922,0.00038598134020062475,0.9996116787090922
1494,2,healthy,2,healthy,True,1.3318708754827449e-06,4.5409391639826296e-07,0.9993813787103535,0.0006168353248547191,0.9993813787103535
1495,2,healthy,2,healthy,True,1.1570752142536232e-06,5.129269028893401e-07,0.999320418657131,0.0006779113407519585,0.999320418657131
1496,2,healthy,2,healthy,True,0.0026514278486992242,0.0004266043589408011,0.9914338001680396,0.00548816762432028,0.9914338001680396
1497,2,healthy,2,healthy,True,9.966537414162736e-09,3.4083994542740403e-09,0.9999516335648858,4.835306017717847e-05,0.9999516335648858
1498,2,healthy,2,healthy,True,2.2336126574249625e-06,8.420288095799805e-07,0.9991049565505494,0.0008919678079836915,0.9991049565505494
1499,2,healthy,2,healthy,True,3.5973744796286466e-11,3.251357643925759e-11,0.9999999443739235,5.5557589188482306e-08,0.9999999443739235
1500,2,healthy,2,healthy,True,4.2159882337481254e-07,2.0946862524270323e-07,0.9999133766042216,8.599232832995057e-05,0.9999133766042216
1501,2,healthy,2,healthy,True,6.377338751696751e-11,1.1761733936309085e-10,0.9999999432711204,5.6547488924295984e-08,0.9999999432711204
1502,2,healthy,2,healthy,True,1.759738533851941e-07,3.2840894530824106e-07,0.9999930581512364,6.437465964950124e-06,0.9999930581512364
1503,2,healthy,2,healthy,True,2.865707503248339e-10,1.6326252356550448e-10,0.9999984198833436,1.579666823184156e-06,0.9999984198833436
1504,2,healthy,2,healthy,True,8.119522766476933e-07,8.270819271723186e-07,0.9997645861877683,0.00023377477802779796,0.9997645861877683
1505,2,healthy,2,healthy,True,7.387876050777389e-09,4.1341762153701986e-09,0.9999768682805426,2.312019740513811e-05,0.9999768682805426
1506,2,healthy,2,healthy,True,2.2555761843250847e-07,1.0941877594834553e-07,0.9998870491258433,0.00011261589776242299,0.9998870491258433
1507,2,healthy,2,healthy,True,1.9063196164610028e-06,1.0653749091056542e-06,0.9996355966402372,0.0003614316652373683,0.9996355966402372
1508,2,healthy,2,healthy,True,3.579752834204971e-08,1.2851990687909986e-08,0.9999150656638834,8.488568659756331e-05,0.9999150656638834
1509,2,healthy,2,healthy,True,1.4980663533521462e-13,6.489705703953585e-14,0.9999998974533257,1.0254645958713998e-07,0.9999998974533257
1510,2,healthy,2,healthy,True,3.991110886795268e-14,1.493963657869206e-14,0.9999999411759248,5.882402036396649e-08,0.9999999411759248
1511,2,healthy,2,healthy,True,2.850500417557529e-06,1.0302236378975968e-06,0.999026074839266,0.0009700444366786406,0.999026074839266
1512,2,healthy,2,healthy,True,1.0341983852786297e-07,4.586445592629464e-08,0.9998796041277427,0.00012024658796279171,0.9998796041277427
1513,2,healthy,2,healthy,True,3.2313718778409975e-06,1.16015849103153e-06,0.9990089202664094,0.0009866882032217535,0.9990089202664094
1514,2,healthy,2,healthy,True,7.507308047698306e-08,4.3571860249931216e-08,0.9999813788974501,1.8502457609156277e-05,0.9999813788974501
1515,2,healthy,2,healthy,True,9.195915038627252e-07,3.299998286830895e-07,0.9995639410831246,0.000434809325542999,0.9995639410831246
1516,2,healthy,2,healthy,True,4.050333435308012e-06,1.601585074536329e-06,0.99904554482972,0.0009488032517702232,0.99904554482972
1517,2,healthy,2,healthy,True,2.2413075247868948e-07,8.133716452757628e-08,0.9998830611157032,0.00011663341637967644,0.9998830611157032
1518,2,healthy,2,healthy,True,2.2534421350128655e-06,8.052481698054308e-07,0.9993121786026614,0.0006847627070338022,0.9993121786026614
1519,2,healthy,2,healthy,True,2.925906240018929e-06,1.268795625135989e-06,0.9988435222240013,0.001152283074133467,0.9988435222240013
1520,2,healthy,2,healthy,True,1.3416249866968221e-08,5.47514188233837e-09,0.9999565569698001,4.342413880812429e-05,0.9999565569698001
1521,2,healthy,2,healthy,True,3.8725184188431505e-14,1.443967777088816e-14,0.9999999499842526,5.001569443849176e-08,0.9999999499842526
1522,2,healthy,2,healthy,True,2.8652141711983595e-08,2.980347352110169e-08,0.9999991337325205,8.078118642736012e-07,0.9999991337325205
1523,2,healthy,2,healthy,True,8.226137356354038e-08,4.9365639890458494e-08,0.9997962460649724,0.0002036223080142556,0.9997962460649724
1524,2,healthy,2,healthy,True,3.289298518792999e-06,1.1704461232319432e-06,0.9990089303519176,0.0009866099034402005,0.9990089303519176
1525,2,healthy,2,healthy,True,3.0366135931731937e-13,1.1994391945458328e-13,0.9999998814240035,1.1857557297633593e-07,0.9999998814240035
1526,2,healthy,2,healthy,True,5.720264996620355e-11,2.075969028909978e-11,0.9999969109590506,3.0889629871179947e-06,0.9999969109590506
1527,2,healthy,2,healthy,True,2.0572757526507538e-08,7.4157505399576484e-09,0.9999361329702352,6.38390412566154e-05,0.9999361329702352
1528,2,healthy,2,healthy,True,1.947367124372783e-06,1.1001200260531721e-06,0.9995628548537273,0.0004340976591223387,0.9995628548537273
1529,2,healthy,2,healthy,True,1.2220017089834936e-07,7.176520903214441e-08,0.9998604818450767,0.00013932418954337443,0.9998604818450767
1530,2,healthy,2,healthy,True,2.686098866858075e-10,1.2852097783988404e-10,0.9999974812810714,2.518321797849999e-06,0.9999974812810714
1531,2,healthy,2,healthy,True,2.7540883578079975e-06,1.4575443109682502e-06,0.9993425492974989,0.0006532390698323736,0.9993425492974989
1532,2,healthy,2,healthy,True,2.9431790998590715e-09,1.0339474192727035e-09,0.9999790615754136,2.0934447459823934e-05,0.9999790615754136
1533,2,healthy,2,healthy,True,1.7844927451519987e-08,6.081294766575084e-09,0.9999339364016752,6.603967210262972e-05,0.9999339364016752
1534,2,healthy,2,healthy,True,6.10631684575212e-10,3.509629201975046e-10,0.999996719043869,3.2799945363134136e-06,0.999996719043869
1535,2,healthy,2,healthy,True,6.160064442440354e-07,2.1564300321663204e-07,0.9996363979915951,0.0003627703589575141,0.9996363979915951
1536,2,healthy,2,healthy,True,2.1900746785550036e-07,1.425440737524871e-07,0.9998397673660966,0.00015987108236177887,0.9998397673660966
1537,2,healthy,2,healthy,True,2.2521617556254373e-08,8.94935170825119e-09,0.999984869607652,1.5098921378840349e-05,0.999984869607652
1538,2,healthy,2,healthy,True,7.465968701643817e-07,3.4667651519673075e-07,0.9998101790077172,0.0001887277188973818,0.9998101790077172
1539,2,healthy,2,healthy,True,2.796207484242066e-09,1.2922360142623693e-09,0.9999943593388018,5.636572754665706e-06,0.9999943593388018
1540,2,healthy,2,healthy,True,4.999291122221093e-09,1.8985118609256167e-09,0.9999700581082844,2.9934993912508656e-05,0.9999700581082844
1541,2,healthy,2,healthy,True,9.819122500221313e-10,7.235007920964194e-10,0.9999842796712023,1.5718623384489256e-05,0.9999842796712023
1542,2,healthy,2,healthy,True,1.2043396989334108e-08,6.5584843311712074e-09,0.9999965061512396,3.475246878977028e-06,0.9999965061512396
1543,2,healthy,2,healthy,True,9.830219813985073e-09,4.175797783691632e-09,0.99997281817859,2.7167815392521223e-05,0.99997281817859
1544,2,healthy,2,healthy,True,8.716694380465236e-08,9.60750796047237e-08,0.9999987750922421,1.041665734520197e-06,0.9999987750922421
1545,2,healthy,2,healthy,True,1.1912202287993202e-06,3.927539860132138e-07,0.9994341558142734,0.0005642602115118354,0.9994341558142734
1546,2,healthy,2,healthy,True,7.738240746317025e-11,2.96616491747274e-11,0.9999982888194175,1.7110735384001442e-06,0.9999982888194175
1547,2,healthy,2,healthy,True,4.673045491973324e-09,2.071673356293662e-09,0.999991291378707,8.701876574142035e-06,0.999991291378707
1548,2,healthy,2,healthy,True,2.2609587952530437e-08,8.22022453356355e-09,0.9999457112449944,5.425792519307494e-05,0.9999457112449944
1549,2,healthy,2,healthy,True,4.809729739040198e-10,1.7824315580991504e-10,0.9999986187869381,1.3805538456189597e-06,0.9999986187869381
1550,2,healthy,2,healthy,True,3.755291882078076e-08,1.7477777134763774e-08,0.9999445131280789,5.543184122518316e-05,0.9999445131280789
1551,2,healthy,2,healthy,True,2.038893617506232e-07,7.297561859726397e-08,0.9998020968772253,0.00019762625779442611,0.9998020968772253
1552,2,healthy,2,healthy,True,7.762039757923301e-07,2.5880086572602527e-07,0.9995687407486379,0.00043022424652048994,0.9995687407486379
1553,2,healthy,2,healthy,True,3.084136980067069e-07,3.3096857435338275e-07,0.9999647443082822,3.46163094455718e-05,0.9999647443082822
1554,2,healthy,2,healthy,True,5.473751157988164e-07,7.175259935131383e-07,0.9999975994175992,1.1356812915677685e-06,0.9999975994175992
1555,2,healthy,2,healthy,True,3.196294014533843e-10,1.5901033953978886e-10,0.9999995917974341,4.0772392611114486e-07,0.9999995917974341
1556,2,healthy,2,healthy,True,6.15486237583935e-08,3.5066437803400025e-08,0.9999799657688347,1.9937616103578734e-05,0.9999799657688347
1557,2,healthy,2,healthy,True,1.2753586240200857e-07,9.926821938721497e-08,0.9999948311183096,4.942077608635128e-06,0.9999948311183096
1558,2,healthy,2,healthy,True,3.147920843299416e-09,1.5768448798960512e-09,0.9999904418480539,9.553427180356557e-06,0.9999904418480539
1559,3,red_spot,3,red_spot,True,0.017845178156202568,0.002035454498327693,0.020024092450049498,0.9600952748954205,0.9600952748954205
1560,3,red_spot,3,red_spot,True,0.008488108168361869,0.002282697834753078,0.0014658076572120584,0.9877633863396728,0.9877633863396728
1561,3,red_spot,3,red_spot,True,0.0011730893174350101,0.0012764136363347864,0.0003106423579059905,0.9972398546883242,0.9972398546883242
1562,3,red_spot,3,red_spot,True,0.02468839778027871,0.0010757000526599872,0.001719283546192757,0.9725166186208688,0.9725166186208688
1563,3,red_spot,3,red_spot,True,8.309185107224984e-07,5.444094104133715e-07,5.286281304139366e-07,0.9999980960439484,0.9999980960439484
1564,3,red_spot,3,red_spot,True,0.001933102510628714,0.003751099732175773,0.0001793013395973354,0.9941364964175984,0.9941364964175984
1565,3,red_spot,3,red_spot,True,1.1876224281437283e-06,1.0488654303173218e-06,1.0475436301910762e-06,0.9999967159685114,0.9999967159685114
1566,3,red_spot,3,red_spot,True,0.00024127275266981022,0.00183214771129365,0.00011177209753937697,0.9978148074384974,0.9978148074384974
1567,3,red_spot,3,red_spot,True,0.00023948338736980789,0.00281646340154093,6.056599097062811e-06,0.9969379966119923,0.9969379966119923
1568,3,red_spot,3,red_spot,True,0.06805102357349921,0.000509997877656517,0.00044358143352455845,0.9309953971153196,0.9309953971153196
1569,3,red_spot,3,red_spot,True,0.006261331205932846,0.0006872465858203295,0.0008079081426330853,0.9922435140656137,0.9922435140656137
1570,3,red_spot,3,red_spot,True,0.00028632345562791854,0.0037330019247983296,5.1868839363202104e-05,0.9959288057802108,0.9959288057802108
1571,3,red_spot,3,red_spot,True,0.002126395794309215,0.0020901564936207616,0.000506716255687227,0.9952767314563827,0.9952767314563827
1572,3,red_spot,3,red_spot,True,0.0013194365815270594,0.00021410881637079748,0.0007221372132631809,0.9977443173888388,0.9977443173888388
1573,3,red_spot,3,red_spot,True,0.034341103094515615,0.00020716308205692206,6.37360637311023e-05,0.9653879977596965,0.9653879977596965
1574,3,red_spot,3,red_spot,True,0.14689910167990863,0.0007462403770589394,0.0015980685669344436,0.8507565893760979,0.8507565893760979
1575,3,red_spot,3,red_spot,True,0.010445623637082561,0.007653015242465163,0.003563087105016991,0.9783382740154354,0.9783382740154354
1576,3,red_spot,3,red_spot,True,0.0011907962977756252,0.00014004829705506098,0.00024191771099791272,0.9984272376941714,0.9984272376941714
1577,3,red_spot,3,red_spot,True,0.017722201286522306,0.0004680769413502759,0.00035763125249732363,0.9814520905196299,0.9814520905196299
1578,3,red_spot,3,red_spot,True,0.004582005480771506,0.0003408597887853854,0.0020785701935725773,0.9929985645368705,0.9929985645368705
1579,3,red_spot,3,red_spot,True,3.2441705879577117e-09,1.2584231225569906e-09,1.4712739807278194e-09,0.9999999940261324,0.9999999940261324
1580,3,red_spot,3,red_spot,True,0.00337739617101771,0.00013192038785516473,0.0015618367964712603,0.9949288466446556,0.9949288466446556
1581,3,red_spot,3,red_spot,True,0.0030028771214849308,0.0009081501224651866,0.0005883394811538921,0.9955006332748961,0.9955006332748961
1582,3,red_spot,3,red_spot,True,6.251910189987623e-07,4.010898497835043e-07,6.697286897414286e-07,0.9999983039904415,0.9999983039904415
1583,3,red_spot,3,red_spot,True,2.0885482416315626e-06,1.2754471738031808e-06,8.164928232115964e-07,0.9999958195117614,0.9999958195117614
1584,3,red_spot,3,red_spot,True,0.0063850843447242804,0.0002553018294157415,0.00027122242662981166,0.9930883913992302,0.9930883913992302
1585,3,red_spot,3,red_spot,True,0.022249605803677564,8.496528419567097e-05,2.945087910119197e-06,0.9776624838242165,0.9776624838242165
1586,3,red_spot,3,red_spot,True,0.012730500198674721,0.0006712333785111253,0.0028728703302601235,0.983725396092554,0.983725396092554
1587,3,red_spot,3,red_spot,True,7.055060860462305e-08,1.0719872887378836e-07,3.550513426831287e-08,0.9999997867455283,0.9999997867455283
1588,3,red_spot,3,red_spot,True,0.001441456200953533,4.745045844627347e-05,1.5433244229568985e-05,0.9984956600963708,0.9984956600963708
1589,3,red_spot,3,red_spot,True,5.513262099647831e-12,8.340477115269395e-12,2.799408546625677e-12,0.9999999999833469,0.9999999999833469
1590,3,red_spot,3,red_spot,True,0.005008428029085295,0.00020917628887798543,8.479311377548452e-05,0.9946976025682611,0.9946976025682611
1591,3,red_spot,3,red_spot,True,0.0005068305662155972,0.002455116984533148,7.041948591398652e-05,0.9969676329633373,0.9969676329633373
1592,3,red_spot,3,red_spot,True,0.004668798036934599,2.974191328916383e-05,1.2707325864695993e-05,0.9952887527239115,0.9952887527239115
1593,3,red_spot,3,red_spot,True,2.571420853153892e-07,2.495070426038434e-07,3.165370864356032e-07,0.9999991768137857,0.9999991768137857
1594,3,red_spot,3,red_spot,True,0.3242381940413194,9.306111783450659e-05,0.003274270672866277,0.6723944741679796,0.6723944741679796
1595,3,red_spot,3,red_spot,True,6.5594438036065e-09,8.773346190559814e-09,2.907324357577054e-09,0.9999999817598857,0.9999999817598857
1596,3,red_spot,3,red_spot,True,1.12485074375762e-06,7.166187299318277e-07,4.2281922851339755e-07,0.9999977357112978,0.9999977357112978
1597,3,red_spot,3,red_spot,True,0.004500729003471814,0.0017664152263361956,0.0008557694451662173,0.9928770863250258,0.9928770863250258
1598,3,red_spot,3,red_spot,True,0.030037817109160068,0.0003083905290810265,5.526042586981779e-05,0.969598531935889,0.969598531935889
1599,3,red_spot,3,red_spot,True,0.008564454761622249,0.002477971880455238,7.0434399331343e-05,0.9888871389585911,0.9888871389585911
1600,3,red_spot,3,red_spot,True,1.96488286599303e-07,1.235544442107348e-07,7.402057070282612e-08,0.9999996059366985,0.9999996059366985
1601,3,red_spot,3,red_spot,True,0.0009704160428499906,0.0016565373786021447,3.349524591496224e-05,0.997339551332633,0.997339551332633
1602,3,red_spot,3,red_spot,True,0.009622048751995012,0.00023226286004684172,8.766855045625084e-05,0.9900580198375022,0.9900580198375022
1603,3,red_spot,3,red_spot,True,0.0006708002562928304,0.0002705270688603918,2.308139911545849e-06,0.9990563645349354,0.9990563645349354
1604,3,red_spot,3,red_spot,True,0.019800632330628034,0.0005757585736090458,0.0007559912143875111,0.9788676178813754,0.9788676178813754
1605,3,red_spot,3,red_spot,True,1.3738315679090702e-06,9.7507780333497e-07,7.410775686434472e-07,0.9999969100130601,0.9999969100130601
1606,3,red_spot,3,red_spot,True,5.731732157614491e-05,0.0019707978229687654,3.528453311446775e-06,0.9979683564021438,0.9979683564021438
1607,3,red_spot,3,red_spot,True,2.1562123379936722e-07,1.230719747209829e-07,1.0375221969840649e-07,0.9999995575545717,0.9999995575545717
1608,3,red_spot,3,red_spot,True,2.4449346387003795e-08,3.5647297008480984e-08,1.3861317679119757e-08,0.9999999260420389,0.9999999260420389
1609,3,red_spot,3,red_spot,True,0.0003260552753023971,0.0015297489381488661,5.797624086549917e-05,0.9980862195456832,0.9980862195456832
1610,3,red_spot,3,red_spot,True,3.1416740823130914e-09,3.190890339623638e-09,2.447992530506329e-09,0.999999991219443,0.999999991219443
1611,3,red_spot,3,red_spot,True,4.888711381753856e-07,2.7631526722958813e-07,2.2747170974266646e-07,0.9999990073418847,0.9999990073418847
1612,3,red_spot,3,red_spot,True,2.1735606798484646e-07,1.5936954447787197e-07,1.072596884450993e-07,0.999999516014699,0.999999516014699
1613,3,red_spot,3,red_spot,True,8.090293685880142e-07,4.679835660423886e-07,3.1169576414695974e-07,0.9999984112913013,0.9999984112913013
1614,3,red_spot,3,red_spot,True,0.002890796015174121,0.00536101932965653,6.523415494965501e-06,0.9917416612396744,0.9917416612396744
1615,3,red_spot,3,red_spot,True,0.016500156746604232,0.002223773029567836,0.005005620725903958,0.9762704494979242,0.9762704494979242
1616,3,red_spot,3,red_spot,True,0.05807059305390906,0.05253027770981903,0.06993390131533955,0.8194652279209322,0.8194652279209322
1617,3,red_spot,3,red_spot,True,0.003572114898714055,0.11381323676362987,8.994003956824272e-06,0.8826056543336992,0.8826056543336992
1618,3,red_spot,3,red_spot,True,0.0016010435453712583,3.906656885733523e-05,0.0002286259258254072,0.9981312639599462,0.9981312639599462
1619,3,red_spot,3,red_spot,True,2.724470440582321e-12,4.701003356917631e-12,1.619138253175621e-12,0.9999999999909553,0.9999999999909553
1620,3,red_spot,3,red_spot,True,0.031199592826734325,0.00029437966594676333,0.0010797719792916794,0.9674262555280274,0.9674262555280274
1621,3,red_spot,3,red_spot,True,0.004968510939771367,4.631612060119089e-05,0.0010566766444364052,0.9939284962951912,0.9939284962951912
1622,3,red_spot,3,red_spot,True,5.829511162253119e-07,2.255210772200968e-07,2.583727022514662e-07,0.9999989331551042,0.9999989331551042
1623,3,red_spot,3,red_spot,True,0.0201979645867201,6.106072894464412e-05,0.00037992090935232034,0.9793610537749828,0.9793610537749828
1624,3,red_spot,3,red_spot,True,5.705658487295993e-08,3.6525721506349665e-08,1.9243888317503905e-08,0.9999998871738053,0.9999998871738053
1625,3,red_spot,3,red_spot,True,9.699992082112643e-08,2.1169003927656687e-07,1.2361262581650673e-07,0.999999567697414,0.999999567697414
1626,3,red_spot,3,red_spot,True,0.01961500971226495,0.0030083262333473787,1.0872512917448003e-05,0.9773657915414703,0.9773657915414703
1627,3,red_spot,3,red_spot,True,0.0036697174196400418,0.0005772281945404877,0.006097743897617821,0.9896553104882017,0.9896553104882017
1628,3,red_spot,3,red_spot,True,0.0602982787121955,0.004201372765674182,0.008638578288781128,0.9268617702333494,0.9268617702333494
1629,3,red_spot,3,red_spot,True,0.1909078628243408,0.0027698422783544886,0.030824515614533424,0.7754977792827713,0.7754977792827713
1630,3,red_spot,3,red_spot,True,1.0665235813771933e-06,1.9313410119582e-06,6.913988432652372e-07,0.9999963107365634,0.9999963107365634
1631,3,red_spot,3,red_spot,True,0.1679816510063115,0.02010052168988523,0.2624096488956289,0.5495081784081746,0.5495081784081746
1632,3,red_spot,3,red_spot,True,0.0019331287583002278,0.0005711552849259335,0.0016550780274921524,0.9958406379292819,0.9958406379292819
1633,3,red_spot,3,red_spot,True,0.002474050698697211,0.0023826809071901232,0.0012636695864995512,0.9938795988076131,0.9938795988076131
1634,3,red_spot,3,red_spot,True,0.019002912286892847,0.00071517280233763,0.0004791841351785448,0.979802730775591,0.979802730775591
1635,3,red_spot,3,red_spot,True,0.1620708177694102,0.0001903511225120345,0.000970369073885335,0.8367684620341922,0.8367684620341922
1636,3,red_spot,3,red_spot,True,0.003047706527302621,0.0005279302355139316,0.0029135614336375567,0.9935108018035459,0.9935108018035459
1637,3,red_spot,3,red_spot,True,0.005403067876926452,0.00019184160649677058,0.0016109258340624253,0.9927941646825142,0.9927941646825142
1638,3,red_spot,3,red_spot,True,0.005682034620081845,0.007213695664302593,0.0018449390863889488,0.9852593306292268,0.9852593306292268
1639,3,red_spot,3,red_spot,True,0.27915265449364873,0.00018209470790910503,0.004312031174981489,0.7163532196234608,0.7163532196234608
1640,3,red_spot,3,red_spot,True,1.3747710432814121e-06,1.1466653497197677e-06,5.753453751991589e-07,0.9999969032182319,0.9999969032182319
1641,3,red_spot,3,red_spot,True,8.950567799046548e-07,5.086244666605444e-07,3.021341806769198e-07,0.9999982941845728,0.9999982941845728
1642,3,red_spot,3,red_spot,True,6.092099418134959e-08,5.343508589805971e-08,3.998576372641838e-08,0.9999998456581561,0.9999998456581561
1643,3,red_spot,3,red_spot,True,0.005885217107029757,2.721475450477681e-05,0.00035009853924697766,0.9937374695992184,0.9937374695992184
1644,3,red_spot,3,red_spot,True,0.006252982260955413,0.0002572002875670677,0.0008375952140705,0.9926522222374069,0.9926522222374069
1645,3,red_spot,3,red_spot,True,7.650121876503111e-07,9.350832863028327e-07,3.334018717766353e-07,0.9999979665026543,0.9999979665026543
1646,3,red_spot,3,red_spot,True,0.026740862962743493,0.004245921762445983,0.0001743693366702827,0.9688388459381402,0.9688388459381402
1647,3,red_spot,3,red_spot,True,0.0014056235975225592,0.0003728991999970577,6.3031489762716134e-06,0.9982151740535042,0.9982151740535042
1648,3,red_spot,3,red_spot,True,0.011216051206451824,0.00028834355059802257,0.0010612026345491988,0.9874344026084011,0.9874344026084011
1649,3,red_spot,3,red_spot,True,0.005997300342298565,0.00020636492147112673,0.00020876502012344655,0.9935875697161071,0.9935875697161071
1650,3,red_spot,3,red_spot,True,0.00020427462379753566,0.0160236731477845,2.326228158788013e-06,0.983769726000259,0.983769726000259
1651,3,red_spot,3,red_spot,True,0.0895315145539464,0.0006802738900573,0.0007085441343604645,0.9090796674216359,0.9090796674216359
1652,3,red_spot,3,red_spot,True,1.351870657470993e-07,1.9933155450489614e-07,7.382665728554413e-08,0.9999995916547225,0.9999995916547225
1653,3,red_spot,3,red_spot,True,5.345709792104389e-07,5.152969940683351e-07,6.168400118385378e-07,0.9999983332920149,0.9999983332920149
1654,3,red_spot,3,red_spot,True,0.03223021434991966,0.00919494889627507,0.006558556826094977,0.9520162799277103,0.9520162799277103
1655,3,red_spot,3,red_spot,True,1.7073412069234134e-06,1.7439377693217436e-06,2.1629013211504785e-06,0.9999943858197026,0.9999943858197026
1656,3,red_spot,3,red_spot,True,4.554938557765764e-07,7.33747251586327e-07,3.8742804635300244e-07,0.9999984233308463,0.9999984233308463
1657,3,red_spot,3,red_spot,True,0.017544534598482594,1.0029807971624917e-05,0.00022908907077232163,0.9822163465227737,0.9822163465227737
1658,3,red_spot,3,red_spot,True,0.0012576237443190218,0.00019920392161026457,1.0570605686511708e-05,0.9985326017283845,0.9985326017283845
1659,3,red_spot,3,red_spot,True,0.0060012817213754305,0.014267565528221213,5.064077713746068e-05,0.9796805119732659,0.9796805119732659
1660,3,red_spot,3,red_spot,True,0.0019764403838214172,0.0004957367652910563,5.68871464498353e-05,0.9974709357044378,0.9974709357044378
1661,3,red_spot,3,red_spot,True,0.025012390840218647,0.0009169666879076242,0.0003272563228194865,0.9737433861490543,0.9737433861490543
1662,3,red_spot,3,red_spot,True,7.235179613656492e-13,1.2314576284858602e-12,4.891461261116178e-13,0.999999999997556,0.999999999997556
1663,3,red_spot,3,red_spot,True,5.749947992158117e-07,6.591574525817234e-07,3.8339782704378156e-07,0.9999983824499212,0.9999983824499212
1664,3,red_spot,3,red_spot,True,0.003629975943305859,0.000611801731043821,0.0007575998891985517,0.995000622436452,0.995000622436452
1665,3,red_spot,3,red_spot,True,1.1301506164839326e-07,1.2723709611710712e-07,4.9382876454476083e-08,0.9999997103649658,0.9999997103649658
1666,3,red_spot,3,red_spot,True,4.521066590368434e-07,5.346564611343618e-07,3.645685013960889e-07,0.9999986486683785,0.9999986486683785
1667,3,red_spot,3,red_spot,True,7.968394065264486e-08,7.217587303118553e-08,9.814674109960742e-08,0.9999997499934452,0.9999997499934452
1668,3,red_spot,3,red_spot,True,0.004607477579080025,0.0012643196258885115,0.000303174191623841,0.9938250286034076,0.9938250286034076
1669,3,red_spot,3,red_spot,True,1.986045323158544e-06,1.1578985637625365e-06,8.520112574119717e-07,0.9999960040448557,0.9999960040448557
1670,3,red_spot,3,red_spot,True,0.08277590952607021,0.024901440188112342,0.039654935906346944,0.8526677143794704,0.8526677143794704
1671,3,red_spot,3,red_spot,True,0.0025692332274830885,1.2931397987267124e-05,0.000971777805113533,0.9964460575694161,0.9964460575694161
1672,3,red_spot,3,red_spot,True,3.202561828355533e-11,5.1474883020875705e-11,2.5920995189681266e-11,0.9999999998905785,0.9999999998905785
1673,3,red_spot,3,red_spot,True,0.012427357392661417,0.009759771731704133,0.004676112945011732,0.9731367579306226,0.9731367579306226
1674,3,red_spot,3,red_spot,True,0.007844880898646378,0.001229179807015426,0.0001380266964930237,0.9907879125978449,0.9907879125978449
1675,3,red_spot,3,red_spot,True,0.001308882681432292,0.00025636889336330893,5.502691486006143e-05,0.9983797215103439,0.9983797215103439
1676,3,red_spot,3,red_spot,True,0.003724435489541445,0.00011070769851372011,2.2493145408351145e-05,0.9961423636665363,0.9961423636665363
1677,3,red_spot,3,red_spot,True,0.3782394021215234,1.680535018528761e-05,0.00013036708317496997,0.6216134254451164,0.6216134254451164
1678,3,red_spot,0,EUS,False,0.49305290660055573,0.0002329112912548315,0.0005943641850020692,0.5061198179231877,0.5061198179231877
1679,3,red_spot,0,EUS,False,0.5458188058719995,0.00013697703940784975,0.0026062573696599596,0.4514379597189327,0.5458188058719995
1680,3,red_spot,3,red_spot,True,0.35313211190557325,7.741019742473718e-05,0.00042799188926158767,0.6463624860077406,0.6463624860077406
1681,3,red_spot,1,gill,False,0.20731757084780877,0.7788051894380245,0.009782235396715772,0.0040950043174510274,0.7788051894380245
1682,3,red_spot,3,red_spot,True,0.004685970480479645,0.0002917080124221094,2.0277736295250748e-05,0.9950020437708027,0.9950020437708027
1683,3,red_spot,3,red_spot,True,0.011282033382448277,2.2868738661342167e-05,0.00012251845400550375,0.9885725794248852,0.9885725794248852
1684,3,red_spot,3,red_spot,True,0.08260702897181135,0.0010275553307002908,0.0003510945130382988,0.9160143211844499,0.9160143211844499
1685,3,red_spot,0,EUS,False,0.5857675407739086,7.117977107433514e-05,0.00030283963353649535,0.4138584398214807,0.5857675407739086
1686,3,red_spot,3,red_spot,True,0.03023145884421344,0.00048652107180974854,1.0775070571055318e-05,0.9692712450134057,0.9692712450134057
1687,3,red_spot,3,red_spot,True,0.01484627462046468,3.414583387097797e-05,0.0018513938756600432,0.9832681856700041,0.9832681856700041
1688,3,red_spot,3,red_spot,True,0.021798893986797158,0.0005825898958165677,0.0011811796259243467,0.976437336491462,0.976437336491462
1689,3,red_spot,3,red_spot,True,0.23133293674100217,0.004833872309732089,0.0009898440775240258,0.7628433468717417,0.7628433468717417
1690,3,red_spot,3,red_spot,True,0.09212036237559769,0.002142085377940431,0.0016729168161356322,0.9040646354303263,0.9040646354303263
1691,3,red_spot,2,healthy,False,0.27449857917843445,5.14162950799326e-05,0.7116138662182111,0.013836138308274605,0.7116138662182111
1692,3,red_spot,3,red_spot,True,0.0033540140359269092,0.00043322968105887735,0.005841157749183332,0.9903715985338306,0.9903715985338306
1693,3,red_spot,3,red_spot,True,0.03587960720060655,0.00668240748258172,0.005593553128010527,0.951844432188801,0.951844432188801
1694,3,red_spot,3,red_spot,True,2.6452946348781655e-09,4.762911621064433e-09,1.6780585765588108e-09,0.999999990913735,0.999999990913735
1695,3,red_spot,3,red_spot,True,0.1692646162141008,5.439357817802274e-05,2.7755808853564753e-06,0.8306782146268356,0.8306782146268356
1696,3,red_spot,3,red_spot,True,2.049934564667792e-09,3.6001287264214582e-09,1.3517205867503975e-09,0.9999999929982162,0.9999999929982162
1697,3,red_spot,3,red_spot,True,0.0003830753401565745,0.44512105345961345,7.549726952102491e-05,0.554420373930709,0.554420373930709
1698,3,red_spot,3,red_spot,True,0.013046091430660631,0.004930399634906716,0.00025629747118743635,0.981767211463245,0.981767211463245
1699,3,red_spot,3,red_spot,True,0.029666983023988996,0.0003663118972791107,0.0051830985120211405,0.9647836065667107,0.9647836065667107
1700,3,red_spot,3,red_spot,True,0.3030541929816315,0.003501523039930569,0.0009055091770895233,0.6925387748013483,0.6925387748013483
1701,3,red_spot,3,red_spot,True,0.0067782788539576585,0.0014177269739861604,0.002148245245451683,0.9896557489266045,0.9896557489266045
1702,3,red_spot,3,red_spot,True,0.025817937556907568,0.00041807543057409326,0.002814987212172783,0.9709489998003455,0.9709489998003455
1703,3,red_spot,3,red_spot,True,0.0030016026618494757,0.0002891597375761894,1.256400901221689e-05,0.996696673591562,0.996696673591562
1704,3,red_spot,3,red_spot,True,0.022875057409426157,7.647490084401084e-05,0.00011091501826879601,0.976937552671461,0.976937552671461
1705,3,red_spot,3,red_spot,True,4.0550903693612175e-08,4.549225764185039e-08,2.5027148393741665e-08,0.9999998889296903,0.9999998889296903
1706,3,red_spot,3,red_spot,True,0.020190967802769105,0.003619592985174082,0.010529523392642712,0.9656599158194141,0.9656599158194141
1707,3,red_spot,3,red_spot,True,0.0017535463150956197,9.125185143859184e-05,0.00034481518614177777,0.9978103866473238,0.9978103866473238
1708,3,red_spot,3,red_spot,True,4.318042835969379e-11,5.90532987354711e-11,6.977681853431145e-11,0.9999999998279894,0.9999999998279894
1709,3,red_spot,3,red_spot,True,0.00013065768207736855,0.09613541720382238,1.5624065390779188e-05,0.9037183010487095,0.9037183010487095
1710,3,red_spot,3,red_spot,True,0.0840712748124832,0.0010798551600817087,0.0030363285727767653,0.9118125414546583,0.9118125414546583
1711,3,red_spot,3,red_spot,True,2.171124478185258e-08,1.320086894335197e-08,1.0333186333747884e-08,0.9999999547546999,0.9999999547546999
1712,3,red_spot,3,red_spot,True,0.005496507796539422,0.002220784708737062,0.0015048549480824046,0.9907778525466411,0.9907778525466411
1713,3,red_spot,3,red_spot,True,0.016198750091321965,5.470865471935259e-05,0.0001596212456995818,0.983586920008259,0.983586920008259
1714,3,red_spot,3,red_spot,True,5.6388875726158205e-05,0.001265382196181703,2.1428647964528416e-06,0.9986760860632957,0.9986760860632957
1715,3,red_spot,3,red_spot,True,0.0007089826244079107,0.0004945238664560062,0.00018443953862594238,0.9986120539705099,0.9986120539705099
1716,3,red_spot,3,red_spot,True,0.04805075851819297,0.0007646237886636366,0.0003083527584703887,0.9508762649346733,0.9508762649346733
1717,3,red_spot,3,red_spot,True,0.0164181752651178,0.0016636396287775465,0.00036666201382427134,0.9815515230922804,0.9815515230922804
1718,3,red_spot,3,red_spot,True,0.002578567864369921,0.0005953703002131005,1.0501831909498056e-05,0.9968155600035074,0.9968155600035074
1719,3,red_spot,3,red_spot,True,0.00014996350982636328,0.012738955938118834,2.9781116311026252e-05,0.9870812994357439,0.9870812994357439
1720,3,red_spot,3,red_spot,True,1.1465517812306465e-07,1.7669281927267426e-07,6.993826499429928e-08,0.9999996387137376,0.9999996387137376
1721,3,red_spot,3,red_spot,True,0.007898808977927522,0.003871776867463614,0.0013609484293128624,0.986868465725296,0.986868465725296
1722,3,red_spot,3,red_spot,True,0.06322023518763153,0.002101813955721666,0.00047276708509037563,0.9342051837715564,0.9342051837715564
1723,3,red_spot,3,red_spot,True,0.05720212901348175,0.0017032469002642204,0.0015680630941446777,0.9395265609921094,0.9395265609921094
1724,3,red_spot,3,red_spot,True,0.009311276187480176,0.00012217932432456353,0.00033909635867920254,0.9902274481295165,0.9902274481295165
1725,3,red_spot,3,red_spot,True,0.004995971834168931,0.00048627462036770786,2.6810330007051053e-05,0.9944909432154564,0.9944909432154564
1726,3,red_spot,3,red_spot,True,0.0285217833881042,0.0006912254551954992,0.0008132494383179089,0.9699737417183825,0.9699737417183825
1727,3,red_spot,0,EUS,False,0.6250730871086558,0.0017938025874991734,0.22185420913384815,0.15127890116999682,0.6250730871086558
1728,3,red_spot,3,red_spot,True,1.1315696335630826e-07,2.459714297185148e-07,1.6056176220518896e-07,0.9999994803098448,0.9999994803098448
1729,3,red_spot,3,red_spot,True,0.006973530347736857,0.0041164469524912605,0.002240474954514194,0.9866695477452577,0.9866695477452577
1730,3,red_spot,3,red_spot,True,6.237716271245988e-09,4.317050031918478e-09,2.0714200593624126e-09,0.9999999873738136,0.9999999873738136
1731,3,red_spot,3,red_spot,True,0.00578382177542558,3.1184047981808405e-05,1.70855621257382e-05,0.9941679086144671,0.9941679086144671
1732,3,red_spot,3,red_spot,True,2.0318323546790723e-06,1.4283462205645526e-06,6.985453732001997e-07,0.9999958412760516,0.9999958412760516
1733,3,red_spot,3,red_spot,True,8.955261122423425e-07,1.6298039445380444e-06,5.782403373972945e-07,0.9999968964296059,0.9999968964296059
1734,3,red_spot,3,red_spot,True,0.004999152590716639,0.012329181889195406,8.629052859973843e-05,0.9825853749914882,0.9825853749914882
1735,3,red_spot,3,red_spot,True,0.0004891584273619649,0.02395323081456415,3.074177882785561e-06,0.9755545365801912,0.9755545365801912
1736,3,red_spot,3,red_spot,True,0.006616796583346766,8.284351316620702e-05,1.960017040209394e-05,0.9932807597330848,0.9932807597330848
1737,3,red_spot,3,red_spot,True,0.02229081585468234,0.0015033178608845439,0.00013028265846684334,0.9760755836259665,0.9760755836259665
1738,3,red_spot,3,red_spot,True,8.795657471558828e-07,1.4817516561898903e-06,6.028563561039982e-07,0.9999970358262406,0.9999970358262406
1739,3,red_spot,3,red_spot,True,0.03809371830964858,0.0001743972152319243,3.282066057522635e-05,0.9616990638145441,0.9616990638145441
1740,3,red_spot,3,red_spot,True,1.754655236599635e-09,2.161091080808263e-09,7.277978143366929e-10,0.9999999953564558,0.9999999953564558
1741,3,red_spot,3,red_spot,True,9.96354317455107e-07,1.8007675405001638e-06,6.345525349210344e-07,0.9999965683256071,0.9999965683256071
1742,3,red_spot,3,red_spot,True,0.10081739107038605,0.0010214191041573244,0.0005055325395219429,0.8976556572859347,0.8976556572859347
1743,3,red_spot,3,red_spot,True,0.0014425711579802315,0.0001925351845778349,0.00040143060302910043,0.9979634630544129,0.9979634630544129
1744,3,red_spot,3,red_spot,True,0.0028405718414107528,0.00021795732372199592,0.00040350627292830136,0.9965379645619389,0.9965379645619389
1745,3,red_spot,3,red_spot,True,0.04049178804138211,0.0011355038338167931,0.002858297589264475,0.9555144105355369,0.9555144105355369
1746,3,red_spot,3,red_spot,True,1.2311360899887502e-07,2.1800601805766657e-07,1.2103746194809817e-07,0.999999537842911,0.999999537842911
1747,3,red_spot,3,red_spot,True,0.014092390412913236,0.002003637765053128,0.000952247135794153,0.9829517246862394,0.9829517246862394
1748,3,red_spot,3,red_spot,True,0.020189842462407924,0.031372075912767736,9.979080523545831e-05,0.9483382908195888,0.9483382908195888
1749,3,red_spot,3,red_spot,True,0.00345889468733387,0.00019763780117401948,0.0006638506718489134,0.9956796168396432,0.9956796168396432
1750,3,red_spot,3,red_spot,True,0.021091982231965165,0.00011668605111940465,5.511405625649674e-05,0.978736217660659,0.978736217660659
1751,3,red_spot,3,red_spot,True,0.0026934296215168144,0.00042824084670987136,3.4545872478877545e-05,0.9968437836592943,0.9968437836592943
1752,3,red_spot,3,red_spot,True,0.01976513846131436,0.007668758689565475,0.0024196502345233653,0.9701464526145969,0.9701464526145969
1753,3,red_spot,3,red_spot,True,0.004152059958494326,0.005517055784798731,0.0055588051945962245,0.9847720790621106,0.9847720790621106
1754,3,red_spot,3,red_spot,True,0.000958282803765363,0.00019323446919589508,0.00021496024603543672,0.9986335224810035,0.9986335224810035
1755,3,red_spot,3,red_spot,True,0.011621919291343045,0.03359006864038813,0.011578801212028606,0.9432092108562402,0.9432092108562402
1756,3,red_spot,3,red_spot,True,0.007471513471334933,0.0008423747916759129,0.004295281272480419,0.9873908304645087,0.9873908304645087
1757,3,red_spot,3,red_spot,True,0.01383826406538969,0.00012147917575040419,3.885072138639697e-05,0.9860014060374738,0.9860014060374738
1758,3,red_spot,3,red_spot,True,7.34229845735131e-08,1.1427846578857589e-07,4.6126299687050584e-08,0.99999976617225,0.99999976617225
1759,3,red_spot,3,red_spot,True,8.948218896291041e-07,3.985112429445798e-07,4.0843575962602335e-07,0.9999982982311079,0.9999982982311079
1760,3,red_spot,3,red_spot,True,9.233673728604113e-07,6.458943522494932e-07,4.647753196263768e-07,0.9999979659629553,0.9999979659629553
1761,3,red_spot,3,red_spot,True,0.021384139451012855,0.060827959274599164,0.005390878674045503,0.9123970226003424,0.9123970226003424
1762,3,red_spot,3,red_spot,True,0.002637580500898008,0.005015664434955245,0.009268509122209886,0.9830782459419368,0.9830782459419368
1763,3,red_spot,3,red_spot,True,0.15636824238181188,0.00031097657180854726,0.00011290297913140075,0.8432078780672482,0.8432078780672482
1764,3,red_spot,3,red_spot,True,7.361757608802395e-07,1.2956390811342377e-06,4.4907885456750214e-07,0.9999975191063033,0.9999975191063033
1765,3,red_spot,3,red_spot,True,3.876540912266084e-05,0.0032183756333798094,1.4972645038700426e-07,0.9967427092310471,0.9967427092310471
1766,3,red_spot,3,red_spot,True,0.0006618355112062465,0.00018076446274686766,0.00018779483115408807,0.9989696051948928,0.9989696051948928
1767,3,red_spot,3,red_spot,True,0.04356993917450947,0.00022708416089166572,0.003616690649180731,0.9525862860154181,0.9525862860154181
1768,3,red_spot,3,red_spot,True,0.0020269800234075214,0.0002102339831121964,0.012945967711372974,0.9848168182821072,0.9848168182821072
1769,3,red_spot,3,red_spot,True,0.018465038493434737,0.0011857561915633405,6.620696570998135e-05,0.980282998349292,0.980282998349292
1770,3,red_spot,3,red_spot,True,0.012231374440173753,0.0007052115086928976,0.0004709507033896459,0.9865924633477434,0.9865924633477434
1771,3,red_spot,3,red_spot,True,0.0015389007100709434,0.00011338790231176519,0.0002457992955074039,0.9981019120921099,0.9981019120921099
1772,3,red_spot,3,red_spot,True,0.025540477683466005,0.00015188119149131386,2.4732402177639424e-05,0.974282908722865,0.974282908722865
1773,3,red_spot,3,red_spot,True,0.00965546720978053,0.00021615701665892757,0.00010915192795340438,0.990019223845607,0.990019223845607
1774,3,red_spot,3,red_spot,True,0.006417043469288615,0.0001616986692812342,7.78401367325829e-06,0.9934134738477568,0.9934134738477568
1775,3,red_spot,3,red_spot,True,0.016608720815194815,0.004699612363574111,0.034184210612268784,0.9445074562089623,0.9445074562089623
1776,3,red_spot,3,red_spot,True,3.1425034097599934e-07,5.703308675621989e-07,5.219204446521077e-07,0.9999985934983469,0.9999985934983469
1777,3,red_spot,3,red_spot,True,0.007220351645221916,0.0007755957573928025,0.00016677648729937963,0.9918372761100861,0.9918372761100861
1778,3,red_spot,3,red_spot,True,1.8110291371246515e-05,0.001383706639776557,6.585193291003632e-06,0.9985915978755611,0.9985915978755611
1779,3,red_spot,3,red_spot,True,9.818252205593817e-09,3.889790624430922e-09,5.4730258284890875e-09,0.9999999808189314,0.9999999808189314
1780,3,red_spot,3,red_spot,True,0.00431305760252099,5.128081799733741e-07,0.00010733173819977071,0.9955790978510994,0.9955790978510994
1781,3,red_spot,3,red_spot,True,0.00021458791831108985,0.0025117413520248442,3.3630746699838236e-06,0.9972703076549942,0.9972703076549942
1782,3,red_spot,3,red_spot,True,0.00258219397029817,0.00029176001695143815,6.0730971944919353e-05,0.9970653150408053,0.9970653150408053
1783,3,red_spot,0,EUS,False,0.6082356901823204,0.0081068925481913,0.011019041988831128,0.37263837528065696,0.6082356901823204
1784,3,red_spot,3,red_spot,True,0.007919962960550793,0.012083344449753387,0.002038131042206623,0.9779585615474892,0.9779585615474892
1785,3,red_spot,3,red_spot,True,0.0019457440202103767,0.04320866474563302,0.0018153003702867545,0.9530302908638698,0.9530302908638698
1786,3,red_spot,3,red_spot,True,0.0017583118309364592,1.3427871498685938e-05,0.00011615459279920266,0.9981121057047656,0.9981121057047656
1787,3,red_spot,3,red_spot,True,0.0029612106641327654,0.0007302624074512525,0.0014083419848883662,0.9949001849435275,0.9949001849435275
1788,3,red_spot,3,red_spot,True,0.17993970030557938,0.0012247111041128122,0.01076140445923284,0.808074184131075,0.808074184131075
1789,3,red_spot,3,red_spot,True,2.8590397453150444e-07,4.686117677296165e-07,1.9285889667903343e-07,0.9999990526253612,0.9999990526253612
1790,3,red_spot,3,red_spot,True,0.0004860951715501613,0.0001811481746908704,0.00010981038551242233,0.9992229462682464,0.9992229462682464
1791,3,red_spot,3,red_spot,True,0.002561654794436631,0.0001275725400854788,1.0973509590430991e-05,0.9972997991558876,0.9972997991558876
1792,3,red_spot,3,red_spot,True,0.002682489271848979,0.0007882913216352626,0.0004962373941379543,0.9960329820123778,0.9960329820123778
1793,3,red_spot,3,red_spot,True,1.229820733248765e-06,1.8146617424664857e-06,9.575643611208237e-07,0.9999959979531632,0.9999959979531632
1794,3,red_spot,3,red_spot,True,0.0024930422344218157,0.12353208668548554,0.00011207007967617704,0.8738628010004166,0.8738628010004166
1795,3,red_spot,3,red_spot,True,0.02057152956620538,0.0011207841425243713,0.00017360595697008967,0.9781340803343002,0.9781340803343002
1796,3,red_spot,3,red_spot,True,0.006321027025898298,0.0003383666550570248,8.111644644160545e-05,0.9932594898726032,0.9932594898726032
1797,3,red_spot,0,EUS,False,0.561844881341476,2.075472106221271e-05,1.0944235890902742e-05,0.43812341970157076,0.561844881341476
1798,3,red_spot,3,red_spot,True,0.005219036687750927,0.001141171173475343,0.000597350134906958,0.9930424420038668,0.9930424420038668
1799,3,red_spot,3,red_spot,True,3.364671834856687e-11,5.608251180620165e-11,2.3399845338481462e-11,0.9999999998868709,0.9999999998868709
1800,3,red_spot,3,red_spot,True,0.008079756468365874,0.0019312254059512283,0.003061442768058658,0.9869275753576242,0.9869275753576242
1801,3,red_spot,3,red_spot,True,1.539273805478585e-07,1.2709491184718211e-07,1.7878617708461126e-07,0.9999995401915306,0.9999995401915306
1802,3,red_spot,0,EUS,False,0.6193684362949694,6.775561955263141e-06,0.00031823412969964624,0.38030655401337576,0.6193684362949694
1803,3,red_spot,3,red_spot,True,3.7332402833762246e-08,5.632234721444184e-08,2.3308538426726257e-08,0.9999998830367115,0.9999998830367115
1804,3,red_spot,3,red_spot,True,1.56586845159964e-08,2.679719760875211e-08,1.1260944256798077e-08,0.9999999462831737,0.9999999462831737
1805,3,red_spot,3,red_spot,True,0.010928754689297396,0.0009613046916478946,0.00012171495740910808,0.9879882256616456,0.9879882256616456
1806,3,red_spot,3,red_spot,True,0.20783347824046275,0.014834552940993511,0.004537337412223778,0.7727946314063199,0.7727946314063199
1807,3,red_spot,3,red_spot,True,0.014690250224033908,2.2104513719393156e-05,0.00017868341169159014,0.9851089618505552,0.9851089618505552
1808,3,red_spot,3,red_spot,True,0.024609793013320468,0.00039255011161305135,0.0004243371463643798,0.9745733197287019,0.9745733197287019
1809,3,red_spot,3,red_spot,True,0.010186350678094555,0.0007205467722502278,0.0009996322926192386,0.9880934702570359,0.9880934702570359
1810,3,red_spot,3,red_spot,True,0.03613719389147191,0.00010751554397203966,0.004098752091498585,0.9596565384730577,0.9596565384730577
1811,3,red_spot,3,red_spot,True,4.94004561763101e-07,7.791049263128504e-07,3.5079915176003317e-07,0.9999983760913602,0.9999983760913602
1812,3,red_spot,3,red_spot,True,0.008694935473017109,0.000886999702688374,0.00014453110424130395,0.9902735337200533,0.9902735337200533
1813,3,red_spot,3,red_spot,True,0.0013272255926533548,8.385056837065995e-06,7.539671341942636e-06,0.9986568496791678,0.9986568496791678
1814,3,red_spot,3,red_spot,True,0.012126708197784608,5.6562805503382e-05,4.987984961489973e-06,0.9878117410117505,0.9878117410117505
1815,3,red_spot,0,EUS,False,0.47659206076600974,0.0019880257781704673,0.0027697219336904537,0.5186501915221293,0.5186501915221293
1816,3,red_spot,3,red_spot,True,0.0017614816233415473,0.0003534336979036871,4.8257775420993134e-06,0.9978802589012128,0.9978802589012128
1817,3,red_spot,3,red_spot,True,0.000923747567946452,0.00704140651947338,0.0021387984496595343,0.9898960474629206,0.9898960474629206
1818,3,red_spot,3,red_spot,True,5.137012773755519e-08,9.254944123232481e-08,5.1007632990907334e-08,0.9999998050727981,0.9999998050727981
1819,3,red_spot,3,red_spot,True,0.014707700464933363,0.0034530784393183712,0.014059112812717423,0.9677801082830308,0.9677801082830308
1820,3,red_spot,3,red_spot,True,6.63863959025342e-07,1.0727739226141342e-06,4.7620044372169384e-07,0.9999977871616746,0.9999977871616746
1821,3,red_spot,3,red_spot,True,0.0770459912946245,0.00023996651851340313,0.015095849767495438,0.9076181924193667,0.9076181924193667
1822,3,red_spot,3,red_spot,True,0.027015664717129618,7.60568426954804e-05,6.396153159762241e-05,0.9728443169085772,0.9728443169085772
1823,3,red_spot,3,red_spot,True,0.012139092047850658,2.8105681291508017e-05,1.3191926533871368e-05,0.9878196103443239,0.9878196103443239
1824,3,red_spot,3,red_spot,True,0.051895261467030454,0.0002565503998950249,0.00018679608532730824,0.9476613920477474,0.9476613920477474
1825,3,red_spot,3,red_spot,True,0.15415960123765152,0.014986985898628638,0.014721812823884748,0.8161316000398353,0.8161316000398353
1826,3,red_spot,1,gill,False,0.48842908753737957,0.49857008099812494,0.009210407582653781,0.0037904238818416334,0.49857008099812494
1827,3,red_spot,3,red_spot,True,0.02839014450397764,0.00016754151739084615,0.0005616121262182682,0.9708807018524134,0.9708807018524134
1828,3,red_spot,3,red_spot,True,0.20045248312999106,0.0005514824260472979,0.0012426194260389157,0.7977534150179225,0.7977534150179225
1829,3,red_spot,3,red_spot,True,0.013991860570219328,0.0014373462900973215,0.00032791737586206136,0.9842428757638213,0.9842428757638213
1830,3,red_spot,3,red_spot,True,0.009693203585714946,5.3573295077009997e-05,2.6489809363460777e-05,0.9902267333098446,0.9902267333098446
1831,3,red_spot,3,red_spot,True,0.04348038839088884,0.00024444181619904284,0.001088480464691953,0.9551866893282205,0.9551866893282205
1832,3,red_spot,3,red_spot,True,0.05143674834465559,0.0014385981985698911,0.028009191727265494,0.9191154617295091,0.9191154617295091
1833,3,red_spot,3,red_spot,True,0.0018876999511191607,0.0008183730765200433,9.238775643954914e-05,0.9972015392159211,0.9972015392159211
1834,3,red_spot,3,red_spot,True,1.5683925127855266e-09,2.7743238649082873e-09,1.5131768040089043e-09,0.9999999941441068,0.9999999941441068
1835,3,red_spot,3,red_spot,True,6.846019337769998e-10,1.2467826684880156e-09,4.4251292722531753e-10,0.9999999976261024,0.9999999976261024
1836,3,red_spot,3,red_spot,True,0.010560521174574023,0.002517329808536747,0.0016689453670708453,0.9852532036498185,0.9852532036498185
1837,3,red_spot,3,red_spot,True,8.044966479004197e-08,1.3376725413422775e-07,5.62063907921283e-08,0.9999997295766903,0.9999997295766903
1838,3,red_spot,3,red_spot,True,0.01215102114972696,0.00028342540068827083,0.0005605709296942727,0.9870049825198906,0.9870049825198906
1839,3,red_spot,3,red_spot,True,1.6030252735487018e-06,1.945542992848086e-06,7.178397825959554e-07,0.999995733591951,0.999995733591951
1840,3,red_spot,3,red_spot,True,0.007422736156346242,7.847518562630755e-05,1.842831588483719e-05,0.9924803603421425,0.9924803603421425
1841,3,red_spot,3,red_spot,True,0.006883809457879156,0.000925445940371252,0.0007137051823740448,0.9914770394193756,0.9914770394193756
1842,3,red_spot,3,red_spot,True,6.087426638011689e-07,1.1619235109044317e-06,7.634947641425772e-07,0.9999974658390611,0.9999974658390611
1843,3,red_spot,3,red_spot,True,0.0008669647930563499,0.0005088598908930151,0.0001411714028775261,0.9984830039131728,0.9984830039131728
1844,3,red_spot,3,red_spot,True,0.012015222957024082,0.00041193318582058794,0.001152631860277235,0.986420211996878,0.986420211996878
1845,3,red_spot,3,red_spot,True,1.235915097722513e-07,1.559335245229569e-07,5.633085920668276e-08,0.9999996641441065,0.9999996641441065
1846,3,red_spot,3,red_spot,True,0.0066710183350820506,0.00010061788681535412,0.0008858193322716201,0.9923425444458309,0.9923425444458309
1847,3,red_spot,3,red_spot,True,4.6077233008916054e-07,8.38083385813326e-07,2.9729939863127855e-07,0.9999984038448854,0.9999984038448854
1848,3,red_spot,3,red_spot,True,1.7418333817476724e-06,1.1756557501452528e-06,8.39152774010825e-07,0.9999962433580941,0.9999962433580941
1849,3,red_spot,3,red_spot,True,0.012128178933041375,0.000347885669144996,0.0003126883390009443,0.9872112470588126,0.9872112470588126
1850,3,red_spot,3,red_spot,True,0.0023491243099230605,0.0009372453698908743,0.00037930940292916186,0.9963343209172572,0.9963343209172572
1851,3,red_spot,3,red_spot,True,3.7181784634534136e-10,6.707359712318941e-10,2.3655321446039997e-10,0.9999999987208931,0.9999999987208931
1852,3,red_spot,3,red_spot,True,8.482294388357754e-10,1.3791133193732743e-09,4.639039146597631e-10,0.9999999973087533,0.9999999973087533
1853,3,red_spot,3,red_spot,True,0.0021732018075226703,0.000133639998428462,0.0006635982614752061,0.9970295599325736,0.9970295599325736
1854,3,red_spot,3,red_spot,True,0.006206310825586534,0.0004867302749550109,0.0013735774630437682,0.9919333814364146,0.9919333814364146
1855,3,red_spot,3,red_spot,True,0.001749523799021501,0.00018709841713108972,0.00010447255044218048,0.9979589052334052,0.9979589052334052
1856,3,red_spot,3,red_spot,True,8.584499670401323e-09,1.717719780530628e-08,8.999790303666857e-09,0.9999999652385121,0.9999999652385121
1857,3,red_spot,3,red_spot,True,0.0018358874672347997,4.8711851663161676e-06,6.232422790407936e-08,0.9981591790233711,0.9981591790233711
1858,3,red_spot,3,red_spot,True,0.006991766962039041,0.0006375575782690248,0.0015689153096859593,0.9908017601500059,0.9908017601500059
1859,3,red_spot,3,red_spot,True,3.103556708635652e-07,4.4876305832285913e-07,1.510187854997886e-07,0.9999990898624854,0.9999990898624854
1860,3,red_spot,3,red_spot,True,2.540503341079407e-07,4.42452871106241e-07,1.7004492537804156e-07,0.9999991334518694,0.9999991334518694
1861,3,red_spot,3,red_spot,True,0.010373825453573394,0.00020003172656439004,0.0003356841677077907,0.9890904586521545,0.9890904586521545
1862,3,red_spot,3,red_spot,True,0.013805607909090474,0.001399304193598481,8.38506937543925e-05,0.9847112372035568,0.9847112372035568
1863,3,red_spot,3,red_spot,True,1.4598607256518558e-07,5.1384510180055146e-08,7.020056974798775e-08,0.9999997324288475,0.9999997324288475
1864,3,red_spot,3,red_spot,True,1.1404991845844685e-06,2.2306003908441494e-06,1.1792244558576113e-06,0.9999954496759687,0.9999954496759687
1865,3,red_spot,3,red_spot,True,0.01204503996260409,0.00107141872229463,0.0006694015593447852,0.9862141397557563,0.9862141397557563
1866,3,red_spot,3,red_spot,True,1.5237536443210447e-06,2.3176763535101255e-06,1.6686153647626628e-06,0.9999944899546374,0.9999944899546374
1867,3,red_spot,3,red_spot,True,0.002048210017550226,0.0005291027874327618,0.000700331283370366,0.9967223559116466,0.9967223559116466
1868,3,red_spot,3,red_spot,True,1.5683437758536285e-06,1.8380145706306386e-06,2.2421759812613595e-06,0.9999943514656723,0.9999943514656723
1869,3,red_spot,3,red_spot,True,0.008574122618696703,0.0005839074548363136,0.0020665203147622615,0.9887754496117046,0.9887754496117046
1870,3,red_spot,3,red_spot,True,0.0084760411109301,0.00018051314266615866,0.0006484948620337883,0.9906949508843698,0.9906949508843698
1871,3,red_spot,3,red_spot,True,0.0034331881347062724,0.00020450351586586048,0.000835666558467012,0.9955266417909613,0.9955266417909613
1872,3,red_spot,3,red_spot,True,0.0012579420935022107,4.70152446258433e-05,1.811146036636954e-05,0.9986769312015055,0.9986769312015055
1873,3,red_spot,3,red_spot,True,0.04046405715490099,0.0006868772725115797,0.00011703106861489153,0.9587320345039724,0.9587320345039724
1874,3,red_spot,3,red_spot,True,0.01212822769495226,0.00016783933334888024,0.0004509201442085197,0.9872530128274901,0.9872530128274901
1875,3,red_spot,3,red_spot,True,0.007528183082774083,0.00024160894141269656,0.0023296935544076004,0.9899005144214055,0.9899005144214055
1876,3,red_spot,3,red_spot,True,0.011644538489432615,0.0007459598094302825,0.0022194066453225993,0.9853900950558144,0.9853900950558144
1877,3,red_spot,3,red_spot,True,1.406593156852747e-07,2.928014064696268e-07,2.1695294395302417e-07,0.999999349586334,0.999999349586334
1878,3,red_spot,3,red_spot,True,5.864365704137681e-07,7.267379081235032e-07,9.465962365488335e-07,0.9999977402292849,0.9999977402292849
1879,3,red_spot,3,red_spot,True,0.005271687348735893,0.00016513857117489422,2.9947174125621446e-05,0.9945332269059636,0.9945332269059636
1880,3,red_spot,3,red_spot,True,0.0009366709019888829,0.0006981726407079986,0.0007393060247793033,0.9976258504325236,0.9976258504325236
1881,3,red_spot,3,red_spot,True,6.387373977563426e-13,1.1618672190584057e-12,4.1199696580976806e-13,0.9999999999977874,0.9999999999977874
1882,3,red_spot,3,red_spot,True,3.7643687535667096e-07,6.785978324711636e-07,2.450456840820986e-07,0.9999986999196081,0.9999986999196081
1883,3,red_spot,3,red_spot,True,1.3623706020672999e-06,1.9568233681549284e-06,7.887361966101476e-07,0.9999958920698331,0.9999958920698331
1884,3,red_spot,3,red_spot,True,1.1632816423364553e-06,6.762550093787279e-07,4.7379434874133446e-07,0.9999976866689996,0.9999976866689996
1885,3,red_spot,3,red_spot,True,3.0210651285603336e-07,5.0804558878645e-07,1.966334669803889e-07,0.9999989932144314,0.9999989932144314
1886,3,red_spot,3,red_spot,True,0.0006952738788335843,0.0006920668393728939,0.0006399025566348664,0.9979727567251587,0.9979727567251587
1887,3,red_spot,3,red_spot,True,0.012104495430950582,0.0008245405181224563,0.00010752400614379975,0.9869634400447833,0.9869634400447833
1888,3,red_spot,3,red_spot,True,0.012145655854125555,0.0003005084827619096,0.00041851257505380666,0.9871353230880584,0.9871353230880584
1889,3,red_spot,3,red_spot,True,2.58943375920214e-07,9.612356983424329e-08,1.1175049222629944e-07,0.9999995331825621,0.9999995331825621
1890,3,red_spot,3,red_spot,True,3.5176398165825698e-09,6.188882631143323e-09,3.352397912636575e-09,0.9999999869410796,0.9999999869410796
1891,3,red_spot,3,red_spot,True,0.00819065963494689,8.980806205084622e-05,2.4357301600843757e-05,0.9916951750014014,0.9916951750014014
1892,3,red_spot,3,red_spot,True,0.0006423287707994091,8.094863670233685e-05,0.00020119407839471823,0.9990755285141034,0.9990755285141034
1893,3,red_spot,3,red_spot,True,0.014136762780192508,0.0003231252539004065,0.0010911602554044377,0.9844489517105026,0.9844489517105026
1894,3,red_spot,3,red_spot,True,0.0028378978361919016,6.069714267919337e-05,0.0005715582372973896,0.9965298467838317,0.9965298467838317
1895,3,red_spot,3,red_spot,True,3.592421412053199e-09,6.174630314203675e-09,2.1214589532025955e-09,0.9999999881114893,0.9999999881114893
1896,3,red_spot,3,red_spot,True,0.0033450650705001174,0.0001754471216645237,0.0012072686271400147,0.9952722191806953,0.9952722191806953
1897,3,red_spot,3,red_spot,True,6.149938808957533e-07,1.1024490764756735e-06,3.8859027881160766e-07,0.9999978939667639,0.9999978939667639
1898,3,red_spot,3,red_spot,True,1.1189500645742993e-06,1.1937910864679903e-06,9.026226683546402e-07,0.9999967846361806,0.9999967846361806
1899,3,red_spot,3,red_spot,True,0.012118933174417553,0.00027666721692176075,0.00124589424897073,0.9863585053596898,0.9863585053596898
1900,3,red_spot,3,red_spot,True,0.003485690629667581,0.0010830780144294389,1.1110090366617843e-05,0.9954201212655364,0.9954201212655364
1901,3,red_spot,3,red_spot,True,0.0017624204434494508,0.0006058788667886296,2.178225278143573e-05,0.9976099184369804,0.9976099184369804
1902,3,red_spot,3,red_spot,True,0.0031226325196406024,0.0006289532365798067,3.719196347338166e-05,0.9962112222803062,0.9962112222803062
1903,3,red_spot,3,red_spot,True,6.570034885892074e-08,5.752533314272789e-08,2.3525254343170014e-08,0.9999998532490636,0.9999998532490636
1904,3,red_spot,3,red_spot,True,2.178011820129946e-08,7.86417579350631e-09,1.0111755939908475e-08,0.9999999602439502,0.9999999602439502
1905,3,red_spot,3,red_spot,True,0.0010454765775142674,0.0002271716265889727,0.00013669738843235396,0.9985906544074643,0.9985906544074643
1906,3,red_spot,3,red_spot,True,8.352190487505672e-07,5.595582682106168e-07,3.7640808638963776e-07,0.9999982288145967,0.9999982288145967
1907,3,red_spot,3,red_spot,True,0.008420181129168695,0.0008132498895542314,0.00045055448543266556,0.9903160144958445,0.9903160144958445
1908,3,red_spot,3,red_spot,True,0.01204503996260409,0.00107141872229463,0.0006694015593447852,0.9862141397557563,0.9862141397557563
1909,3,red_spot,3,red_spot,True,0.01213888453921664,8.802368917828254e-05,8.243431689032806e-06,0.987764848339916,0.987764848339916
1910,3,red_spot,3,red_spot,True,0.010472903603622097,0.0002510494774276299,0.0005045642948929038,0.9887714826240571,0.9887714826240571
1911,3,red_spot,3,red_spot,True,0.04046405715490099,0.0006868772725115797,0.00011703106861489153,0.9587320345039724,0.9587320345039724
1912,3,red_spot,3,red_spot,True,0.003301431067086382,0.0012510126065106476,0.0002094523756382788,0.9952381039507645,0.9952381039507645
1913,3,red_spot,3,red_spot,True,8.044966479004197e-08,1.3376725413422775e-07,5.62063907921283e-08,0.9999997295766903,0.9999997295766903
1914,3,red_spot,3,red_spot,True,1.5094994177724928e-06,2.701050564761188e-06,1.0027838727914558e-06,0.9999947866661446,0.9999947866661446
1915,3,red_spot,3,red_spot,True,0.0021554157141017035,1.2895960221461516e-05,0.0004471992386862445,0.9973844890869906,0.9973844890869906
1916,3,red_spot,3,red_spot,True,2.2949907873710277e-08,4.0490901345929844e-08,1.5090981432840023e-08,0.9999999214682094,0.9999999214682094
1917,3,red_spot,3,red_spot,True,7.919466232595172e-07,5.807074183559774e-07,8.821572345276508e-07,0.9999977451887239,0.9999977451887239
1918,3,red_spot,3,red_spot,True,1.0858123700015023e-11,1.9589581325392197e-11,7.029501832905538e-12,0.9999999999625228,0.9999999999625228
1919,3,red_spot,3,red_spot,True,3.712783355382946e-08,1.4918891073147268e-08,2.3983669699889913e-08,0.9999999239696057,0.9999999239696057
1920,3,red_spot,3,red_spot,True,0.01112497973416854,0.00024818847597619286,0.0027478923529248253,0.9858789394369305,0.9858789394369305
1921,3,red_spot,3,red_spot,True,0.005045121820694978,0.0012768744913502978,0.001546461579204511,0.9921315421087503,0.9921315421087503
1922,3,red_spot,3,red_spot,True,2.4349014256235243e-07,4.34271836254885e-07,1.5918150537058417e-07,0.9999991630565158,0.9999991630565158
1923,3,red_spot,3,red_spot,True,0.011558621420014294,0.001988422150264327,0.00013672111526204976,0.9863162353144596,0.9863162353144596
1924,3,red_spot,3,red_spot,True,0.0018308172635988543,0.00026005891239701425,0.0008004613269955026,0.9971086624970086,0.9971086624970086
1925,3,red_spot,3,red_spot,True,0.0010525057477460025,0.0001394821293622914,0.0002264616718309875,0.9985815504510606,0.9985815504510606
1926,3,red_spot,3,red_spot,True,0.012146555740444001,1.2766959933096754e-05,2.1838812258233144e-05,0.9878188384873646,0.9878188384873646
1927,3,red_spot,3,red_spot,True,1.0956267764599438e-06,1.1052488716414872e-06,1.5353282716888283e-06,0.9999962637960802,0.9999962637960802
1928,3,red_spot,3,red_spot,True,0.06394448384091314,0.0001971136909188448,0.0005124852290795824,0.9353459172390883,0.9353459172390883
1929,3,red_spot,3,red_spot,True,0.003274809836453904,0.0006654078538267175,0.0010212223342780124,0.9950385599754413,0.9950385599754413
1930,3,red_spot,3,red_spot,True,0.0028338525056392323,2.2508293728959506e-05,0.000665260997078406,0.9964783782035534,0.9964783782035534
1931,3,red_spot,3,red_spot,True,2.7538571955297762e-08,5.8268711236632015e-08,2.999206349687524e-08,0.9999998842006533,0.9999998842006533
1932,3,red_spot,3,red_spot,True,1.6643939025470703e-07,2.2256771245638543e-07,7.680753209414469e-08,0.9999995341853652,0.9999995341853652
1933,3,red_spot,3,red_spot,True,0.012156949356658536,0.000472250013786159,0.00038814677720029785,0.9869826538523553,0.9869826538523553
1934,3,red_spot,3,red_spot,True,0.021668941656273432,0.00019059762460712037,3.85085103420251e-05,0.9781019522087772,0.9781019522087772
1935,3,red_spot,3,red_spot,True,0.010345982442383654,6.681709146405678e-05,2.034123138944425e-05,0.9895668592347628,0.9895668592347628
1936,3,red_spot,3,red_spot,True,8.52080611304637e-08,1.4447552193362318e-07,4.964744980311096e-08,0.9999997206689673,0.9999997206689673
1937,3,red_spot,3,red_spot,True,6.728718975284525e-08,8.834703747865232e-08,2.9346810865528557e-08,0.999999815018962,0.999999815018962
1938,3,red_spot,3,red_spot,True,0.000922043933860852,0.0006589948548265574,1.766065083618945e-05,0.9984013005604764,0.9984013005604764
1939,3,red_spot,3,red_spot,True,0.003958992848978962,0.003902574837363114,0.006259988807873922,0.9858784435057838,0.9858784435057838
1940,3,red_spot,3,red_spot,True,0.011523112170956583,0.0001880439643773231,4.815921812497296e-05,0.9882406846465411,0.9882406846465411
1941,3,red_spot,3,red_spot,True,8.124212177767882e-09,1.3694514685937197e-08,8.863990174360358e-09,0.999999969317283,0.999999969317283
1942,3,red_spot,3,red_spot,True,7.627329443563828e-09,1.0741924576828023e-08,7.967175213278015e-09,0.9999999736635707,0.9999999736635707
1943,3,red_spot,3,red_spot,True,0.0010769746983326897,0.0001109553895383438,0.0011130532923310922,0.9976990166197981,0.9976990166197981
1944,3,red_spot,3,red_spot,True,3.0130259874536727e-07,2.2651391488536168e-07,1.5060932770379747e-07,0.9999993215741587,0.9999993215741587
1945,3,red_spot,3,red_spot,True,1.4517788101061812e-10,2.313995775162364e-10,1.196986205313896e-10,0.999999999503724,0.999999999503724
1946,3,red_spot,3,red_spot,True,0.00048603937251104774,0.0027390297712093998,0.00023189761012285245,0.9965430332461568,0.9965430332461568
1947,3,red_spot,3,red_spot,True,0.0037909161064068396,0.0001192166818232417,0.0012116742856241526,0.9948781929261458,0.9948781929261458
1948,3,red_spot,3,red_spot,True,0.0006504976951193809,9.759742038379537e-05,0.00013885316190602348,0.9991130517225908,0.9991130517225908
1949,3,red_spot,3,red_spot,True,1.6643939025470703e-07,2.2256771245638543e-07,7.680753209414469e-08,0.9999995341853652,0.9999995341853652
1950,3,red_spot,3,red_spot,True,0.012145314279519651,0.00046140765475675044,8.512417332127872e-05,0.9873081538924023,0.9873081538924023
1951,3,red_spot,3,red_spot,True,3.7112051044522487e-07,5.198917341934947e-07,2.6378272915225253e-07,0.9999988452050262,0.9999988452050262
1952,3,red_spot,3,red_spot,True,0.005020829437167698,0.00032707484806607955,2.07808983262746e-05,0.9946313148164401,0.9946313148164401
1953,3,red_spot,3,red_spot,True,0.012326415176070544,0.0007661136514690946,0.00046282233018298555,0.9864446488422773,0.9864446488422773
1954,3,red_spot,3,red_spot,True,1.2795109862173917e-06,5.018243625517991e-07,5.603624771388921e-07,0.999997658302174,0.999997658302174
1955,3,red_spot,3,red_spot,True,0.007864655361016578,0.0016226475038913792,0.002675878962465166,0.9878368181726268,0.9878368181726268
1956,3,red_spot,3,red_spot,True,1.2793295353338297e-09,2.1212969591979895e-09,8.871046433535175e-10,0.9999999957122688,0.9999999957122688
1957,3,red_spot,3,red_spot,True,0.012123522439677766,0.000268211655531906,0.0002090041271251548,0.987399261777665,0.987399261777665
1958,3,red_spot,3,red_spot,True,0.003155747362556563,0.00035750997577534355,0.00030145134858849834,0.9961852913130796,0.9961852913130796
1959,3,red_spot,3,red_spot,True,0.0015089658821137132,0.00046742622124861113,5.2579626842593565e-05,0.9979710282697949,0.9979710282697949
1960,3,red_spot,3,red_spot,True,4.676962192363953e-07,3.441912573278197e-07,5.206507277777137e-07,0.9999986674617957,0.9999986674617957
1961,3,red_spot,3,red_spot,True,1.5393317617978224e-08,2.5413912298945125e-08,1.3744163703114335e-08,0.9999999454486064,0.9999999454486064
1962,3,red_spot,3,red_spot,True,0.005468275900428625,0.0003809339613388696,0.00016336158752517608,0.9939874285507072,0.9939874285507072
1963,3,red_spot,3,red_spot,True,0.006757098289110918,7.882261661355308e-05,2.2134272246823357e-05,0.9931419448220288,0.9931419448220288
1964,3,red_spot,3,red_spot,True,0.0008658075674337477,0.00010093941829004376,0.00025144049142164846,0.9987818125228546,0.9987818125228546
1965,3,red_spot,3,red_spot,True,8.565114276297319e-07,1.8539858371769585e-06,9.789207355510544e-07,0.9999963105819997,0.9999963105819997
1966,3,red_spot,3,red_spot,True,0.0012930360775275681,0.00022473651564661727,0.0003042491349041761,0.9981779782719216,0.9981779782719216
1967,3,red_spot,0,EUS,False,0.9843662648426857,8.022953932805712e-05,0.00011317161347102955,0.015440334004515053,0.9843662648426857
1968,3,red_spot,3,red_spot,True,0.048485806726523216,0.00023085282616548163,0.0005404963151372856,0.9507428441321739,0.9507428441321739
1969,3,red_spot,1,gill,False,0.12221410532260289,0.8714250039187049,0.000568867411852076,0.005792023346840236,0.8714250039187049
1970,3,red_spot,0,EUS,False,0.9788557530579337,0.001369876167731344,0.0005321671763652303,0.019242203597969555,0.9788557530579337
1971,3,red_spot,3,red_spot,True,0.012134842565778337,2.045132912715532e-05,0.00010081564083622555,0.9877438904642584,0.9877438904642584
1972,3,red_spot,3,red_spot,True,0.012119704764212827,0.0008546711455354376,0.000465723376450742,0.986559900713801,0.986559900713801
1973,3,red_spot,3,red_spot,True,0.01214573930164247,3.412323513392328e-05,1.5133889652353338e-05,0.987805003573571,0.987805003573571
1974,3,red_spot,3,red_spot,True,0.05143674834465559,0.0014385981985698911,0.028009191727265494,0.9191154617295091,0.9191154617295091
1975,3,red_spot,3,red_spot,True,0.004155845475704756,0.00034716452267360694,0.0017682154055209992,0.9937287745961007,0.9937287745961007
1976,3,red_spot,3,red_spot,True,0.010560521174574023,0.002517329808536747,0.0016689453670708453,0.9852532036498185,0.9852532036498185
1977,3,red_spot,3,red_spot,True,3.0553302851975205e-07,5.568194502592858e-07,1.9784898900106438e-07,0.9999989397985322,0.9999989397985322
1978,3,red_spot,3,red_spot,True,0.012135580210164837,0.00015404539789460228,0.0010766306611478104,0.9866337437307926,0.9866337437307926
1979,3,red_spot,3,red_spot,True,0.006883809457879156,0.000925445940371252,0.0007137051823740448,0.9914770394193756,0.9914770394193756
1980,3,red_spot,3,red_spot,True,1.235915097722513e-07,1.559335245229569e-07,5.633085920668276e-08,0.9999996641441065,0.9999996641441065
1981,3,red_spot,3,red_spot,True,0.002490458438447611,0.0005953030548307832,0.001271624465917358,0.9956426140408043,0.9956426140408043
1982,3,red_spot,3,red_spot,True,0.010895973418270569,0.001979031535531337,0.0013016749827289367,0.9858233200634693,0.9858233200634693
1983,3,red_spot,3,red_spot,True,0.00359029246540386,0.0008868601646075191,5.559467424645238e-06,0.9955172879025639,0.9955172879025639
1984,3,red_spot,3,red_spot,True,7.972585258632387e-07,4.5341179075901613e-07,2.799911440439479e-07,0.9999984693385393,0.9999984693385393
1985,3,red_spot,3,red_spot,True,0.006901666965688435,0.0003649622101078826,0.0004659963268291316,0.9922673744973747,0.9922673744973747
1986,3,red_spot,3,red_spot,True,3.7181784634534136e-10,6.707359712318941e-10,2.3655321446039997e-10,0.9999999987208931,0.9999999987208931
1987,3,red_spot,3,red_spot,True,2.3949416093272506e-12,4.249701362849705e-12,1.4825226847322185e-12,0.9999999999918728,0.9999999999918728
1988,3,red_spot,3,red_spot,True,8.482294388357754e-10,1.3791133193732743e-09,4.639039146597631e-10,0.9999999973087533,0.9999999973087533
1989,3,red_spot,3,red_spot,True,0.006522470685841586,0.0002585805316776507,0.0016353252148127175,0.9915836235676678,0.9915836235676678
1990,3,red_spot,3,red_spot,True,3.4663583581420986e-07,5.552475194944764e-07,2.879627957861414e-07,0.999998810153849,0.999998810153849
1991,3,red_spot,3,red_spot,True,0.004585687143930653,0.0001653939038801637,0.0006553522427395222,0.9945935667094493,0.9945935667094493
1992,3,red_spot,3,red_spot,True,9.926347895122598e-07,6.067812102535184e-07,4.5193088919385116e-07,0.999997948653111,0.999997948653111
1993,3,red_spot,3,red_spot,True,0.006378564507899419,0.0001924893370128819,0.00016610344802289205,0.9932628427070649,0.9932628427070649
1994,3,red_spot,3,red_spot,True,0.004018964636869107,0.00020815356672960594,0.00012582996193873978,0.9956470518344624,0.9956470518344624
1995,3,red_spot,3,red_spot,True,1.4124428376607148e-06,2.543876052299971e-06,1.4058667977350475e-06,0.9999946378143123,0.9999946378143123
1996,3,red_spot,3,red_spot,True,1.4745655099607314e-07,2.2244803899909007e-07,7.451252852729917e-08,0.9999995555828814,0.9999995555828814
1997,3,red_spot,3,red_spot,True,0.004409716620810819,0.0002762422219771452,0.0001428645664956087,0.9951711765907164,0.9951711765907164
1998,3,red_spot,3,red_spot,True,3.103556708635652e-07,4.4876305832285913e-07,1.510187854997886e-07,0.9999990898624854,0.9999990898624854
1999,3,red_spot,3,red_spot,True,3.0981586806616604e-08,3.0807703996201645e-08,1.1832050507564515e-08,0.9999999263786586,0.9999999263786586
2000,3,red_spot,3,red_spot,True,0.013805607909090474,0.001399304193598481,8.38506937543925e-05,0.9847112372035568,0.9847112372035568
2001,3,red_spot,3,red_spot,True,1.5683437758536285e-06,1.8380145706306386e-06,2.2421759812613595e-06,0.9999943514656723,0.9999943514656723
2002,3,red_spot,3,red_spot,True,0.0012579420935022107,4.70152446258433e-05,1.811146036636954e-05,0.9986769312015055,0.9986769312015055
2003,3,red_spot,3,red_spot,True,0.04046405715490099,0.0006868772725115797,0.00011703106861489153,0.9587320345039724,0.9587320345039724
2004,3,red_spot,3,red_spot,True,0.012089659057575737,0.0009251263748028051,0.0006536637554767512,0.9863315508121444,0.9863315508121444
2005,3,red_spot,3,red_spot,True,0.0008409543387676625,0.0005052241135044495,0.0005196972112384257,0.9981341243364894,0.9981341243364894
2006,3,red_spot,3,red_spot,True,1.9087901660298354e-06,3.1313460201270355e-06,3.2486103441009883e-06,0.9999917112534698,0.9999917112534698
2007,3,red_spot,3,red_spot,True,0.011644538489432615,0.0007459598094302825,0.0022194066453225993,0.9853900950558144,0.9853900950558144
2008,3,red_spot,3,red_spot,True,4.457688487334577e-09,5.905364561745325e-09,7.30909578444607e-09,0.9999999823278513,0.9999999823278513
2009,3,red_spot,3,red_spot,True,0.0010712537911092318,0.0002726466397067588,1.3826489699913183e-05,0.9986422730794842,0.9986422730794842
2010,3,red_spot,3,red_spot,True,1.3662312478851865e-09,2.7243625675749165e-09,1.4291768598624224e-09,0.9999999944802294,0.9999999944802294
2011,3,red_spot,3,red_spot,True,1.3623706020672999e-06,1.9568233681549284e-06,7.887361966101476e-07,0.9999958920698331,0.9999958920698331
2012,3,red_spot,3,red_spot,True,0.012063518395820875,0.001044186282871899,0.0009017948606877562,0.9859905004606196,0.9859905004606196
2013,3,red_spot,3,red_spot,True,0.005527088657460189,0.0010318777818913182,0.0014150147484723592,0.9920260188121763,0.9920260188121763
2014,3,red_spot,3,red_spot,True,2.466602178330176e-06,2.770028157905518e-06,9.786065192070825e-07,0.9999937847631445,0.9999937847631445
2015,3,red_spot,3,red_spot,True,6.779503271931425e-07,1.1284366053332808e-06,3.842539746470597e-07,0.9999978093590928,0.9999978093590928
2016,3,red_spot,3,red_spot,True,0.012022590416331327,0.0011152942381761836,0.0006587687010203745,0.9862033466444723,0.9862033466444723
2017,3,red_spot,3,red_spot,True,2.58943375920214e-07,9.612356983424329e-08,1.1175049222629944e-07,0.9999995331825621,0.9999995331825621
2018,3,red_spot,3,red_spot,True,7.060910282368442e-09,3.545329578691851e-09,3.405192257219693e-09,0.9999999859885679,0.9999999859885679
2019,3,red_spot,3,red_spot,True,0.000816739243986709,0.0002387412611908329,0.0001080013619141086,0.9988365181329082,0.9988365181329082
2020,3,red_spot,3,red_spot,True,0.014136762780192508,0.0003231252539004065,0.0010911602554044377,0.9844489517105026,0.9844489517105026
2021,3,red_spot,3,red_spot,True,0.0028378978361919016,6.069714267919337e-05,0.0005715582372973896,0.9965298467838317,0.9965298467838317
2022,3,red_spot,3,red_spot,True,3.1893125141986274e-07,4.478477095271038e-07,5.171138056628627e-07,0.9999987161072333,0.9999987161072333
2023,3,red_spot,3,red_spot,True,0.012106219213814625,0.0005414871654795292,0.0011110971938485116,0.9862411964268574,0.9862411964268574
2024,3,red_spot,3,red_spot,True,0.010565943102039324,0.00028832474528147506,0.000314847798272766,0.9888308843544062,0.9888308843544062
2025,3,red_spot,3,red_spot,True,2.1302827113832808e-12,3.868189222867902e-12,1.3790458592997094e-12,0.9999999999926225,0.9999999999926225
2026,3,red_spot,3,red_spot,True,3.551942728310696e-10,5.160863538581249e-10,1.7060182954351637e-10,0.9999999989581175,0.9999999989581175
2027,3,red_spot,3,red_spot,True,0.001551560976213094,8.73055873929724e-06,9.059693647493792e-05,0.9983491115285729,0.9983491115285729
2028,3,red_spot,3,red_spot,True,2.8334614062531634e-07,1.8702440057483252e-07,1.2197214938104766e-07,0.9999994076573094,0.9999994076573094
2029,3,red_spot,3,red_spot,True,1.1189500645742993e-06,1.1937910864679903e-06,9.026226683546402e-07,0.9999967846361806,0.9999967846361806
2030,3,red_spot,3,red_spot,True,0.0031226325196406024,0.0006289532365798067,3.719196347338166e-05,0.9962112222803062,0.9962112222803062
2031,3,red_spot,3,red_spot,True,6.570034885892074e-08,5.752533314272789e-08,2.3525254343170014e-08,0.9999998532490636,0.9999998532490636
2032,3,red_spot,3,red_spot,True,0.0016099354567516372,0.000904139729504445,0.00043940675107220594,0.997046518062672,0.997046518062672
2033,3,red_spot,3,red_spot,True,0.00424986709627071,2.5303494740649945e-05,1.0598502216620612e-05,0.9957142309067719,0.9957142309067719
2034,3,red_spot,3,red_spot,True,0.012145883239600455,3.168488352612957e-05,0.00012758858723235756,0.9876948432896411,0.9876948432896411
2035,3,red_spot,3,red_spot,True,2.7027034721831913e-07,5.767955157598191e-07,3.0460863532222086e-07,0.9999988483255017,0.9999988483255017
2036,3,red_spot,3,red_spot,True,2.6274441229248804e-09,1.5228094530947152e-09,1.2912474173078559e-09,0.999999994558499,0.999999994558499
2037,3,red_spot,3,red_spot,True,0.04046405715490099,0.0006868772725115797,0.00011703106861489153,0.9587320345039724,0.9587320345039724
2038,3,red_spot,3,red_spot,True,0.01214789931831891,0.00021411365868272763,0.0005728903393370878,0.9870650966836613,0.9870650966836613
2039,3,red_spot,3,red_spot,True,1.4552396681174321e-08,8.57117366415887e-09,5.3436917962801265e-09,0.9999999715327378,0.9999999715327378
2040,3,red_spot,3,red_spot,True,0.007528183082774083,0.00024160894141269656,0.0023296935544076004,0.9899005144214055,0.9899005144214055
2041,3,red_spot,3,red_spot,True,4.457688487334577e-09,5.905364561745325e-09,7.30909578444607e-09,0.9999999823278513,0.9999999823278513
2042,3,red_spot,3,red_spot,True,0.0021554157141017035,1.2895960221461516e-05,0.0004471992386862445,0.9973844890869906,0.9973844890869906
2043,3,red_spot,3,red_spot,True,0.005527088657460189,0.0010318777818913182,0.0014150147484723592,0.9920260188121763,0.9920260188121763
2044,3,red_spot,3,red_spot,True,5.730052531546255e-09,3.2717526585042877e-09,1.9124399459241664e-09,0.9999999890857548,0.9999999890857548
2045,3,red_spot,3,red_spot,True,7.919466232595172e-07,5.807074183559774e-07,8.821572345276508e-07,0.9999977451887239,0.9999977451887239
2046,3,red_spot,3,red_spot,True,0.0033408689341891586,0.0008906476108109165,1.9054459514162592e-05,0.9957494289954856,0.9957494289954856
2047,3,red_spot,3,red_spot,True,1.0858123700015023e-11,1.9589581325392197e-11,7.029501832905538e-12,0.9999999999625228,0.9999999999625228
2048,3,red_spot,3,red_spot,True,2.562170142718473e-07,4.306566632131395e-07,1.5398906018519343e-07,0.9999991591372623,0.9999991591372623
2049,3,red_spot,3,red_spot,True,0.02222818334269677,0.0003036808080867483,0.0012981173748935215,0.9761700184743232,0.9761700184743232
2050,3,red_spot,3,red_spot,True,1.0084846974506902e-06,1.5889573799995734e-06,5.319138630812695e-07,0.9999968706440595,0.9999968706440595
2051,3,red_spot,3,red_spot,True,0.012123610155296118,8.513416277033402e-05,0.00030961023034296496,0.9874816454515905,0.9874816454515905
2052,3,red_spot,3,red_spot,True,0.0010525057477460025,0.0001394821293622914,0.0002264616718309875,0.9985815504510606,0.9985815504510606
2053,3,red_spot,3,red_spot,True,0.0019702808696964885,0.0002474019467348454,0.00013326308505692613,0.9976490540985117,0.9976490540985117
2054,3,red_spot,3,red_spot,True,0.003274809836453904,0.0006654078538267175,0.0010212223342780124,0.9950385599754413,0.9950385599754413
2055,3,red_spot,3,red_spot,True,4.6905571374368053e-07,8.394833264259765e-07,3.004677251185926e-07,0.9999983909932346,0.9999983909932346
2056,3,red_spot,3,red_spot,True,0.0037965459600952578,0.0006439374072854548,0.00036031585608378453,0.9951992007765352,0.9951992007765352
2057,3,red_spot,3,red_spot,True,1.6788918185909424e-07,1.0182747619679743e-07,1.8734651937514506e-07,0.9999995429368226,0.9999995429368226
2058,3,red_spot,3,red_spot,True,0.001739063908083064,1.4646016321254978e-05,0.00046076818488709426,0.9977855218907086,0.9977855218907086
2059,3,red_spot,3,red_spot,True,1.6494791039878434e-06,3.54385126009856e-06,1.8770503840633884e-06,0.9999929296192519,0.9999929296192519
2060,3,red_spot,3,red_spot,True,1.3116497189199025e-07,8.912545731377989e-08,6.15704071758637e-08,0.9999997181391636,0.9999997181391636
2061,3,red_spot,3,red_spot,True,2.4694454599152737e-08,1.0804479103644181e-08,1.0815911607614901e-08,0.9999999536851546,0.9999999536851546
2062,3,red_spot,3,red_spot,True,1.020908491271891e-07,1.1582471356360826e-07,1.4385582535167875e-07,0.9999996382286119,0.9999996382286119
2063,3,red_spot,3,red_spot,True,0.021668941656273432,0.00019059762460712037,3.85085103420251e-05,0.9781019522087772,0.9781019522087772
2064,3,red_spot,3,red_spot,True,0.0027172639359363815,0.0007062049793233374,0.0006394159227714767,0.9959371151619688,0.9959371151619688
2065,3,red_spot,3,red_spot,True,8.52080611304637e-08,1.4447552193362318e-07,4.964744980311096e-08,0.9999997206689673,0.9999997206689673
2066,3,red_spot,3,red_spot,True,5.278571598033116e-08,4.317555266935706e-08,6.170541408104344e-08,0.9999998423333173,0.9999998423333173
2067,3,red_spot,3,red_spot,True,0.0025925321335789047,0.0010929924883064494,0.00021322210492750147,0.9961012532731871,0.9961012532731871
2068,3,red_spot,3,red_spot,True,0.0009464839096636729,0.0005932481894814742,8.918034681248136e-05,0.9983710875540424,0.9983710875540424
2069,3,red_spot,3,red_spot,True,0.003958992848978962,0.003902574837363114,0.006259988807873922,0.9858784435057838,0.9858784435057838
2070,3,red_spot,3,red_spot,True,0.012159389409401929,6.219679723470864e-05,2.8032894367058913e-05,0.9877503808989964,0.9877503808989964
2071,3,red_spot,3,red_spot,True,0.0044631652622468725,0.00017088675930113475,0.00036045205418121993,0.995005495924271,0.995005495924271
2072,3,red_spot,3,red_spot,True,1.917619507425891e-09,3.4889677423102688e-09,1.2372688307105444e-09,0.999999993356144,0.999999993356144
2073,3,red_spot,3,red_spot,True,6.789623643861067e-13,1.1143174300914404e-12,4.66244933761966e-13,0.9999999999977405,0.9999999999977405
2074,3,red_spot,3,red_spot,True,0.012007332681433185,0.0012702032024208454,0.00012903371844353914,0.9865934303977026,0.9865934303977026
2075,3,red_spot,3,red_spot,True,0.00048603937251104774,0.0027390297712093998,0.00023189761012285245,0.9965430332461568,0.9965430332461568
2076,3,red_spot,3,red_spot,True,1.4763226705803527e-06,3.168946026721936e-06,2.1265983762543874e-06,0.9999932281329265,0.9999932281329265
2077,3,red_spot,3,red_spot,True,3.844878704727913e-07,6.282325772000287e-07,2.7583816307146144e-07,0.9999987114413892,0.9999987114413892
2078,3,red_spot,3,red_spot,True,0.012131406544554465,0.00035232557534808787,0.00013134927891178172,0.9873849186011855,0.9873849186011855
2079,3,red_spot,3,red_spot,True,0.0011765852449181556,3.89883587084727e-05,0.0011671863202487465,0.9976172400761246,0.9976172400761246
2080,3,red_spot,3,red_spot,True,5.326380747828719e-09,8.525344749766497e-09,5.268855485024738e-09,0.999999980879419,0.999999980879419
2081,3,red_spot,3,red_spot,True,0.006877655940018458,0.0005784429000806168,0.0004796040543606901,0.9920642971055402,0.9920642971055402
2082,3,red_spot,3,red_spot,True,1.958919821194222e-14,4.133553769189431e-14,2.2214709172583466e-14,0.9999999999999168,0.9999999999999168
2083,3,red_spot,3,red_spot,True,0.012326415176070544,0.0007661136514690946,0.00046282233018298555,0.9864446488422773,0.9864446488422773
2084,3,red_spot,3,red_spot,True,1.7969663540136128e-09,3.0157003764170852e-09,1.647973893680957e-09,0.9999999935393594,0.9999999935393594
2085,3,red_spot,3,red_spot,True,0.012131678442237082,0.00017266458877176417,0.0001575566908304629,0.9875381002781608,0.9875381002781608
2086,3,red_spot,3,red_spot,True,0.01215220503055375,0.0002001503015566963,0.0007613152312296631,0.9868863294366597,0.9868863294366597
2087,3,red_spot,3,red_spot,True,0.012128657176271347,1.212092956581266e-05,0.0002893125222350786,0.9875699093719278,0.9875699093719278
2088,3,red_spot,3,red_spot,True,0.009074026708807482,6.612636366548193e-05,4.971505902698805e-05,0.9908101318685,0.9908101318685
2089,3,red_spot,3,red_spot,True,0.001293623218647407,4.1594284183940894e-05,1.7076460980289464e-05,0.9986477060361882,0.9986477060361882
2090,3,red_spot,3,red_spot,True,0.0014285416434205583,0.0004873332935167291,0.00123408286059987,0.9968500422024629,0.9968500422024629
2091,3,red_spot,3,red_spot,True,0.006790649258654165,0.00022267644682317578,0.0006446288189395046,0.9923420454755832,0.9923420454755832
2092,3,red_spot,3,red_spot,True,0.012121487970625799,0.0006362012321014039,0.0008755322074688181,0.9863667785898039,0.9863667785898039
2093,3,red_spot,3,red_spot,True,8.565114276297319e-07,1.8539858371769585e-06,9.789207355510544e-07,0.9999963105819997,0.9999963105819997
2094,3,red_spot,3,red_spot,True,2.2885913465070185e-08,4.026630644880707e-08,1.4353461328913476e-08,0.9999999224943188,0.9999999224943188
2095,3,red_spot,3,red_spot,True,0.0030206244443270816,3.1105450308563964e-05,2.3314751712777343e-06,0.9969459386301929,0.9969459386301929
2096,3,red_spot,3,red_spot,True,0.0012930360775275681,0.00022473651564661727,0.0003042491349041761,0.9981779782719216,0.9981779782719216
2097,3,red_spot,3,red_spot,True,0.004719226858530788,0.00014133584897978442,0.0005609508579945533,0.994578486434495,0.994578486434495
2098,3,red_spot,3,red_spot,True,0.01467369093166863,0.0003124117453428478,0.00032880075470577007,0.9846850965682826,0.9846850965682826
2099,3,red_spot,3,red_spot,True,0.015156528064749654,0.00011828782327052299,7.903234447404015e-05,0.9846461517675058,0.9846461517675058
2100,3,red_spot,1,gill,False,0.12221410532260289,0.8714250039187049,0.000568867411852076,0.005792023346840236,0.8714250039187049
2101,3,red_spot,0,EUS,False,0.9788557530579337,0.001369876167731344,0.0005321671763652303,0.019242203597969555,0.9788557530579337
2102,3,red_spot,3,red_spot,True,0.012156513480761423,0.00010941359743539647,1.4359973215609019e-05,0.9877197129485875,0.9877197129485875
2103,3,red_spot,3,red_spot,True,0.012119704764212827,0.0008546711455354376,0.000465723376450742,0.986559900713801,0.986559900713801
2104,3,red_spot,3,red_spot,True,0.012145818938265529,0.00015292302066217177,3.721172489334994e-05,0.987664046316179,0.987664046316179
